<?xml version="1.0" encoding="UTF-8" standalone="yes"?>
<addon id="service.hyperion"
       name="Hyperion"
       version="8.1.105"
       provider-name="libreelec.tv">
  <requires>
    <import addon="os.libreelec.tv" version="8.0"/>
    <import addon="xbmc.python" version="2.1.0"/>

  </requires>
  <extension point="xbmc.service" library="default.py">
    <provides></provides>
  </extension>
  <extension point="xbmc.addon.metadata">
    <summary>Hyperion: an AmbiLight controller</summary>
    <description>
Hyperion(355a324) is an modern opensource AmbiLight implementation.
    </description>
    <disclaimer>

    </disclaimer>
    <platform>all</platform>
    <news>
105
- Update protobuf to 3.1.0
- Fix build with gcc 6

104
- Allow running with hyperion-x11
- Add reload option to service.hyperion

103
- Update to version 355a324
- Build with QT5
- Enable webserver

102
- Update to version 85fcec3

101
- Update to version d2f4725

100
- Update for LibreELEC 8.0
- Add protobuf/V4L2 support
    </news>
    <assets>
      <icon>resources/icon.png</icon>
      <fanart>resources/fanart.png</fanart>
<screenshot>resources/screenshot-01.jpg</screenshot>
<screenshot>resources/screenshot-02.jpg</screenshot>
<screenshot>resources/screenshot-03.jpg</screenshot>

    </assets>
  </extension>
</addon>
