<?xml version="1.0" encoding="UTF-8" standalone="yes"?>
<addon id="virtual.dvb-tools"
       name="DVB Tools"
       version="8.1.101"
       provider-name="libreelec.tv">
  <requires>
    <import addon="os.libreelec.tv" version="8.0"/>
    <import addon="xbmc.python" version="2.1.0"/>

  </requires>
  <extension point="xbmc.python.script" library="default.py">
    <provides></provides>
  </extension>
  <extension point="xbmc.addon.metadata">
    <summary>DVB-Tools: is a bundle of dvb tools and programs</summary>
    <description>
This bundle currently includes dvb-apps, dvb-fe-tool, dvblast and w_scan.
    </description>
    <disclaimer>

    </disclaimer>
    <platform>all</platform>
    <news>
101
- added w_scan

100
- Initial Release
    </news>
    <assets>
      <icon>resources/icon.png</icon>
      <fanart>resources/fanart.png</fanart>

    </assets>
  </extension>
</addon>
