﻿<?xml version="1.0" encoding="UTF-8"?>
<site generator-info-name="WebGrab+Plus/w MDB &amp; REX Postprocess -- version 1.53.15/0.10 -- Jan van Straaten" site="sport-tv.si">
  <channels>
    <channel update="i" site="sport-tv.si" site_id="1/3" xmltv_id="Sport TV 1">Sport TV 1</channel>
    <channel update="i" site="sport-tv.si" site_id="2/3" xmltv_id="Sport TV 2">Sport TV 2</channel>
    <channel update="i" site="sport-tv.si" site_id="3/3" xmltv_id="Sport TV 3">Sport TV 3</channel>
  </channels>
</site>