<?xml version="1.0" encoding="UTF-8"?>
<addon id="adsp.basic" version="0.3.0.1" name="Audio DSP Basic Processor" provider-name="Team KODI">
  <requires>
    <c-pluff version="0.1"/>
    <import addon="kodi.adsp" version="0.1.8"/>
  </requires>
  <extension point="kodi.adsp" library_linux="adsp.basic.so.0.3.0"/>
  <extension point="kodi.addon.metadata">
    <summary lang="en">Basic audio DSP processor</summary>
    <description lang="en">
This add-on contains basic dsp related parts to handle speaker delays, channel related volume amplification.

As mode it support a Dolby Pro Logic II compatible multichannel downmix to stereo, which becomes available if only 2 channel output on Kodi is selected.</description>
    <disclaimer lang="en">This addon is still in development to increase amount of features, e.g. speaker position changes.</disclaimer>
    <platform>linux</platform>
    <license>GNU GENERAL PUBLIC LICENSE. Version 3, June 2007</license>
    <forum/>
    <website/>
    <email/>
    <source>https://github.com/kodi-adsp/adsp.basic</source>
  </extension>
</addon>
