﻿<?xml version="1.0" encoding="UTF-8"?>
<site generator-info-name="WebGrab+Plus/w MDB &amp; REX Postprocess -- version V1.56.15 -- Jan van Straaten" site="teleboy.ch">
  <channels>
    <channel update="i" site="teleboy.ch" site_id="303" xmltv_id="SRF1HD">SRF1HD</channel>
    <channel update="i" site="teleboy.ch" site_id="304" xmltv_id="SRF2HD">SRF2HD</channel>
    <channel update="i" site="teleboy.ch" site_id="350" xmltv_id="3+HD">3+HD</channel>
    <channel update="i" site="teleboy.ch" site_id="354" xmltv_id="Pro7chHD">Pro7chHD</channel>
    <channel update="i" site="teleboy.ch" site_id="356" xmltv_id="RTLchHD">RTLchHD</channel>
    <channel update="i" site="teleboy.ch" site_id="357" xmltv_id="RTL2chHD">RTL2chHD</channel>
    <channel update="i" site="teleboy.ch" site_id="360" xmltv_id="Sat.1chHD">Sat.1chHD</channel>
    <channel update="i" site="teleboy.ch" site_id="351" xmltv_id="4+HD">4+HD</channel>
    <channel update="i" site="teleboy.ch" site_id="348" xmltv_id="5+">5+</channel>
    <channel update="i" site="teleboy.ch" site_id="326" xmltv_id="TV24">TV24</channel>
    <channel update="i" site="teleboy.ch" site_id="352" xmltv_id="VOXchHD">VOXchHD</channel>
    <channel update="i" site="teleboy.ch" site_id="362" xmltv_id="Puls8">Puls8</channel>
    <channel update="i" site="teleboy.ch" site_id="309" xmltv_id="ARDHD">ARDHD</channel>
    <channel update="i" site="teleboy.ch" site_id="306" xmltv_id="ZDFHD">ZDFHD</channel>
    <channel update="i" site="teleboy.ch" site_id="310" xmltv_id="ArteHD">ArteHD</channel>
    <channel update="i" site="teleboy.ch" site_id="311" xmltv_id="3satHD">3satHD</channel>
    <channel update="i" site="teleboy.ch" site_id="307" xmltv_id="ORF1HD">ORF1HD</channel>
    <channel update="i" site="teleboy.ch" site_id="347" xmltv_id="ORF2HD">ORF2HD</channel>
    <channel update="i" site="teleboy.ch" site_id="5" xmltv_id="SRFi">SRFi</channel>
    <channel update="i" site="teleboy.ch" site_id="72" xmltv_id="TZüri">TZüri</channel>
    <channel update="i" site="teleboy.ch" site_id="345" xmltv_id="SWR-BW-HD">SWR-BW-HD</channel>
    <channel update="i" site="teleboy.ch" site_id="338" xmltv_id="WDRHD">WDRHD</channel>
    <channel update="i" site="teleboy.ch" site_id="31" xmltv_id="MDR">MDR</channel>
    <channel update="i" site="teleboy.ch" site_id="337" xmltv_id="NDRHD">NDRHD</channel>
    <channel update="i" site="teleboy.ch" site_id="121" xmltv_id="ZDFneo">ZDFneo</channel>
    <channel update="i" site="teleboy.ch" site_id="328" xmltv_id="PHOENIXHD">PHOENIXHD</channel>
    <channel update="i" site="teleboy.ch" site_id="353" xmltv_id="Kabel1chHD">Kabel1chHD</channel>
    <channel update="i" site="teleboy.ch" site_id="317" xmltv_id="Pro7Maxx">Pro7Maxx</channel>
    <channel update="i" site="teleboy.ch" site_id="359" xmltv_id="S-RTLchHD">S-RTLchHD</channel>
    <channel update="i" site="teleboy.ch" site_id="361" xmltv_id="sixxHD">sixxHD</channel>
    <channel update="i" site="teleboy.ch" site_id="8" xmltv_id="RTL">RTL</channel>
    <channel update="i" site="teleboy.ch" site_id="19" xmltv_id="StarTV">StarTV</channel>
    <channel update="i" site="teleboy.ch" site_id="20" xmltv_id="TeleM1">TeleM1</channel>
    <channel update="i" site="teleboy.ch" site_id="21" xmltv_id="TBasel">TBasel</channel>
    <channel update="i" site="teleboy.ch" site_id="22" xmltv_id="TBärn">TBärn</channel>
    <channel update="i" site="teleboy.ch" site_id="23" xmltv_id="RTL2">RTL2</channel>
    <channel update="i" site="teleboy.ch" site_id="25" xmltv_id="VOX">VOX</channel>
    <channel update="i" site="teleboy.ch" site_id="33" xmltv_id="S-RTL">S-RTL</channel>
    <channel update="i" site="teleboy.ch" site_id="35" xmltv_id="EuSp">EuSp</channel>
    <channel update="i" site="teleboy.ch" site_id="36" xmltv_id="Sport1">Sport1</channel>
    <channel update="i" site="teleboy.ch" site_id="37" xmltv_id="MTV">MTV</channel>
    <channel update="i" site="teleboy.ch" site_id="38" xmltv_id="n-tv">n-tv</channel>
    <channel update="i" site="teleboy.ch" site_id="39" xmltv_id="RBB">RBB</channel>
    <channel update="i" site="teleboy.ch" site_id="40" xmltv_id="ARD-alpha">ARD-alpha</channel>
    <channel update="i" site="teleboy.ch" site_id="42" xmltv_id="hr">hr</channel>
    <channel update="i" site="teleboy.ch" site_id="44" xmltv_id="N24">N24</channel>
    <channel update="i" site="teleboy.ch" site_id="47" xmltv_id="1Plus">1Plus</channel>
    <channel update="i" site="teleboy.ch" site_id="48" xmltv_id="1Festival">1Festival</channel>
    <channel update="i" site="teleboy.ch" site_id="49" xmltv_id="BBCent">BBCent</channel>
    <channel update="i" site="teleboy.ch" site_id="50" xmltv_id="CNN">CNN</channel>
    <channel update="i" site="teleboy.ch" site_id="52" xmltv_id="Rai1">Rai1</channel>
    <channel update="i" site="teleboy.ch" site_id="53" xmltv_id="Rai2">Rai2</channel>
    <channel update="i" site="teleboy.ch" site_id="54" xmltv_id="Rai3">Rai3</channel>
    <channel update="i" site="teleboy.ch" site_id="58" xmltv_id="Fr3">Fr3</channel>
    <channel update="i" site="teleboy.ch" site_id="61" xmltv_id="TV5">TV5</channel>
    <channel update="i" site="teleboy.ch" site_id="63" xmltv_id="Cartoon">Cartoon</channel>
    <channel update="i" site="teleboy.ch" site_id="65" xmltv_id="SR">SR</channel>
    <channel update="i" site="teleboy.ch" site_id="66" xmltv_id="SWR-RP">SWR-RP</channel>
    <channel update="i" site="teleboy.ch" site_id="67" xmltv_id="EuNews">EuNews</channel>
    <channel update="i" site="teleboy.ch" site_id="70" xmltv_id="VIVA">VIVA</channel>
    <channel update="i" site="teleboy.ch" site_id="73" xmltv_id="SkyNews">SkyNews</channel>
    <channel update="i" site="teleboy.ch" site_id="78" xmltv_id="AB1">AB1</channel>
    <channel update="i" site="teleboy.ch" site_id="80" xmltv_id="Fr5">Fr5</channel>
    <channel update="i" site="teleboy.ch" site_id="83" xmltv_id="HSE">HSE</channel>
    <channel update="i" site="teleboy.ch" site_id="84" xmltv_id="Tele1">Tele1</channel>
    <channel update="i" site="teleboy.ch" site_id="85" xmltv_id="TVO">TVO</channel>
    <channel update="i" site="teleboy.ch" site_id="86" xmltv_id="Tele5">Tele5</channel>
    <channel update="i" site="teleboy.ch" site_id="87" xmltv_id="TeleclubSport3">TeleclubSport3</channel>
    <channel update="i" site="teleboy.ch" site_id="88" xmltv_id="TeleclubCinema">TeleclubCinema</channel>
    <channel update="i" site="teleboy.ch" site_id="89" xmltv_id="Discovery">Discovery</channel>
    <channel update="i" site="teleboy.ch" site_id="92" xmltv_id="SkyKrimi">SkyKrimi</channel>
    <channel update="i" site="teleboy.ch" site_id="94" xmltv_id="TeleclubSport1">TeleclubSport1</channel>
    <channel update="i" site="teleboy.ch" site_id="95" xmltv_id="TeleclubSport2">TeleclubSport2</channel>
    <channel update="i" site="teleboy.ch" site_id="96" xmltv_id="TeleclubStar">TeleclubStar</channel>
    <channel update="i" site="teleboy.ch" site_id="101" xmltv_id="BBCwn">BBCwn</channel>
    <channel update="i" site="teleboy.ch" site_id="102" xmltv_id="13thUniversal">13thUniversal</channel>
    <channel update="i" site="teleboy.ch" site_id="105" xmltv_id="ParisPremiere">ParisPremiere</channel>
    <channel update="i" site="teleboy.ch" site_id="108" xmltv_id="TNTFilm">TNTFilm</channel>
    <channel update="i" site="teleboy.ch" site_id="110" xmltv_id="SyFy">SyFy</channel>
    <channel update="i" site="teleboy.ch" site_id="111" xmltv_id="MGM">MGM</channel>
    <channel update="i" site="teleboy.ch" site_id="114" xmltv_id="AnimalPlanet">AnimalPlanet</channel>
    <channel update="i" site="teleboy.ch" site_id="115" xmltv_id="tagesschau24">tagesschau24</channel>
    <channel update="i" site="teleboy.ch" site_id="116" xmltv_id="RTL9">RTL9</channel>
    <channel update="i" site="teleboy.ch" site_id="120" xmltv_id="Junior">Junior</channel>
    <channel update="i" site="teleboy.ch" site_id="123" xmltv_id="EuSp-f">EuSp-f</channel>
    <channel update="i" site="teleboy.ch" site_id="131" xmltv_id="CNBC">CNBC</channel>
    <channel update="i" site="teleboy.ch" site_id="132" xmltv_id="EuSpInt">EuSpInt</channel>
    <channel update="i" site="teleboy.ch" site_id="133" xmltv_id="EuSp-i">EuSp-i</channel>
    <channel update="i" site="teleboy.ch" site_id="135" xmltv_id="EuSp2">EuSp2</channel>
    <channel update="i" site="teleboy.ch" site_id="137" xmltv_id="MTVit">MTVit</channel>
    <channel update="i" site="teleboy.ch" site_id="141" xmltv_id="Nick">Nick</channel>
    <channel update="i" site="teleboy.ch" site_id="142" xmltv_id="Sat.1">Sat.1</channel>
    <channel update="i" site="teleboy.ch" site_id="143" xmltv_id="Kabel1">Kabel1</channel>
    <channel update="i" site="teleboy.ch" site_id="145" xmltv_id="DisneyChannel">DisneyChannel</channel>
    <channel update="i" site="teleboy.ch" site_id="146" xmltv_id="ATV">ATV</channel>
    <channel update="i" site="teleboy.ch" site_id="147" xmltv_id="Fr24">Fr24</channel>
    <channel update="i" site="teleboy.ch" site_id="148" xmltv_id="AlJazeeraEn">AlJazeeraEn</channel>
    <channel update="i" site="teleboy.ch" site_id="150" xmltv_id="BloombergEn">BloombergEn</channel>
    <channel update="i" site="teleboy.ch" site_id="152" xmltv_id="RTPi">RTPi</channel>
    <channel update="i" site="teleboy.ch" site_id="153" xmltv_id="TVEi">TVEi</channel>
    <channel update="i" site="teleboy.ch" site_id="154" xmltv_id="DMAX">DMAX</channel>
    <channel update="i" site="teleboy.ch" site_id="156" xmltv_id="KinoweltTV">KinoweltTV</channel>
    <channel update="i" site="teleboy.ch" site_id="159" xmltv_id="AXN">AXN</channel>
    <channel update="i" site="teleboy.ch" site_id="162" xmltv_id="Pro7">Pro7</channel>
    <channel update="i" site="teleboy.ch" site_id="164" xmltv_id="Sat.1Emotions">Sat.1Emotions</channel>
    <channel update="i" site="teleboy.ch" site_id="165" xmltv_id="Kabel1classics">Kabel1classics</channel>
    <channel update="i" site="teleboy.ch" site_id="168" xmltv_id="ORFSportPlus">ORFSportPlus</channel>
    <channel update="i" site="teleboy.ch" site_id="170" xmltv_id="ORF 3">ORF 3</channel>
    <channel update="i" site="teleboy.ch" site_id="172" xmltv_id="ZDF-Info">ZDF-Info</channel>
    <channel update="i" site="teleboy.ch" site_id="175" xmltv_id="AnixeHD">AnixeHD</channel>
    <channel update="i" site="teleboy.ch" site_id="177" xmltv_id="DeluxeMusic">DeluxeMusic</channel>
    <channel update="i" site="teleboy.ch" site_id="178" xmltv_id="Silverline">Silverline</channel>
    <channel update="i" site="teleboy.ch" site_id="182" xmltv_id="NickCH">NickCH</channel>
    <channel update="i" site="teleboy.ch" site_id="186" xmltv_id="BBC4">BBC4</channel>
    <channel update="i" site="teleboy.ch" site_id="189" xmltv_id="ITV3">ITV3</channel>
    <channel update="i" site="teleboy.ch" site_id="190" xmltv_id="ITV4">ITV4</channel>
    <channel update="i" site="teleboy.ch" site_id="191" xmltv_id="FIVE">FIVE</channel>
    <channel update="i" site="teleboy.ch" site_id="192" xmltv_id="E4">E4</channel>
    <channel update="i" site="teleboy.ch" site_id="193" xmltv_id="More4">More4</channel>
    <channel update="i" site="teleboy.ch" site_id="194" xmltv_id="EuNews-i">EuNews-i</channel>
    <channel update="i" site="teleboy.ch" site_id="195" xmltv_id="EuNews-e">EuNews-e</channel>
    <channel update="i" site="teleboy.ch" site_id="196" xmltv_id="EuNews-f">EuNews-f</channel>
    <channel update="i" site="teleboy.ch" site_id="197" xmltv_id="RomTV">RomTV</channel>
    <channel update="i" site="teleboy.ch" site_id="200" xmltv_id="SkyCinema">SkyCinema</channel>
    <channel update="i" site="teleboy.ch" site_id="201" xmltv_id="SkyCinema+1">SkyCinema+1</channel>
    <channel update="i" site="teleboy.ch" site_id="202" xmltv_id="SkyCinema+24">SkyCinema+24</channel>
    <channel update="i" site="teleboy.ch" site_id="203" xmltv_id="SkyAction">SkyAction</channel>
    <channel update="i" site="teleboy.ch" site_id="204" xmltv_id="SkyComedy">SkyComedy</channel>
    <channel update="i" site="teleboy.ch" site_id="205" xmltv_id="SkyEmotion">SkyEmotion</channel>
    <channel update="i" site="teleboy.ch" site_id="206" xmltv_id="SkyNostalgie">SkyNostalgie</channel>
    <channel update="i" site="teleboy.ch" site_id="208" xmltv_id="SkySport1">SkySport1</channel>
    <channel update="i" site="teleboy.ch" site_id="209" xmltv_id="SkySport2">SkySport2</channel>
    <channel update="i" site="teleboy.ch" site_id="210" xmltv_id="SkySportAustria">SkySportAustria</channel>
    <channel update="i" site="teleboy.ch" site_id="211" xmltv_id="SkyFussballBundesliga">SkyFussballBundesliga</channel>
    <channel update="i" site="teleboy.ch" site_id="214" xmltv_id="Animax">Animax</channel>
    <channel update="i" site="teleboy.ch" site_id="217" xmltv_id="Classica">Classica</channel>
    <channel update="i" site="teleboy.ch" site_id="218" xmltv_id="DiscoveryHD">DiscoveryHD</channel>
    <channel update="i" site="teleboy.ch" site_id="219" xmltv_id="DisneyCinemagic">DisneyCinemagic</channel>
    <channel update="i" site="teleboy.ch" site_id="222" xmltv_id="GoldStarTV">GoldStarTV</channel>
    <channel update="i" site="teleboy.ch" site_id="223" xmltv_id="Heimatkanal">Heimatkanal</channel>
    <channel update="i" site="teleboy.ch" site_id="224" xmltv_id="HistoryHD">HistoryHD</channel>
    <channel update="i" site="teleboy.ch" site_id="225" xmltv_id="MotorvisionTV">MotorvisionTV</channel>
    <channel update="i" site="teleboy.ch" site_id="228" xmltv_id="NatGeoWild">NatGeoWild</channel>
    <channel update="i" site="teleboy.ch" site_id="231" xmltv_id="Passion">Passion</channel>
    <channel update="i" site="teleboy.ch" site_id="232" xmltv_id="DisneyJunior">DisneyJunior</channel>
  </channels>
</site>