<?xml version="1.0" encoding="UTF-8" standalone="yes"?>
<addon id="service.tvheadend42"
       name="Tvheadend 4.2"
       version="8.1.109"
       provider-name="libreelec.tv">
  <requires>
    <import addon="os.libreelec.tv" version="8.0"/>
    <import addon="xbmc.python" version="2.1.0"/>

  </requires>
  <extension point="xbmc.service" library="default.py">
    <provides></provides>
  </extension>
  <extension point="xbmc.addon.metadata">
    <summary>Tvheadend: a TV streaming server for Linux</summary>
    <description>
Tvheadend (4.1.2415): is a TV streaming server for Linux supporting DVB-S/S2, DVB-C, DVB-T/T2, IPTV, SAT>IP, ATSC and ISDB-T
    </description>
    <disclaimer>

    </disclaimer>
    <platform>all</platform>
    <news>
108
- added CA (libdvben50221) support
- update to Tvheadend 4.1.2401

107
- rebuild due ssl change

106
- update to Tvheadend 4.1.2309
- service gets restarted at changes in add-on settings
- improved Tvh defaults

105
- update to Tvheadend 4.1.2236
- fixes picons download from Tvh server
- fixes empty/incomplete frequency scan-tables

104
- update to Tvheadend 4.1.2195
- added TRACE debug option at the addon config

103
- update to Tvheadend 4.1.2134

102
- update for LibreELEC 8.0
- update to Tvheadend 4.1.1945
- fix the XMLTV import script

100
- initial LibreELEC version    </news>
    <assets>
      <icon>resources/icon.png</icon>
      <fanart>resources/fanart.png</fanart>
<screenshot>resources/screenshot-01.png</screenshot>
<screenshot>resources/screenshot-02.png</screenshot>
<screenshot>resources/screenshot-03.png</screenshot>
<screenshot>resources/screenshot-04.png</screenshot>

    </assets>
  </extension>
</addon>
