<?xml version="1.0" encoding="UTF-8"?>
<addon id="adsp.freesurround" version="0.4.0.6" name="Free Surround Processor" provider-name="Team KODI">
  <requires>
    <import addon="kodi.binary.global.main" version="1.0.12"/>
    <import addon="kodi.binary.global.general" version="1.0.3"/>
    <import addon="kodi.binary.global.gui" version="5.12.0"/>
    <import addon="kodi.binary.global.gui" version="5.12.0"/>
    <import addon="kodi.binary.global.gui" version="5.12.0"/>
    <import addon="kodi.binary.global.filesystem" version="1.0.2"/>
    <import addon="kodi.binary.instance.adsp" version="0.2.0"/>
  </requires>
  <extension point="kodi.adsp" library_linux="adsp.freesurround.so.0.4.0"/>
  <extension point="kodi.addon.metadata">
    <summary lang="en">Free Surround Audio DSP Processor</summary>
    <description lang="en">FreeSurround is meant to be the KODI equivalent of your hi-fi receiver's Dolby ProLogic II button.
It's purpose is to decode surround information from your stereo music and to produce multichannel output from it.</description>
    <disclaimer lang="en">This is a open source audio dsp processing system, based upon work from pro_optimizer on foobar2000</disclaimer>
    <platform>linux</platform>
    <license>GNU GENERAL PUBLIC LICENSE. Version 3, June 2007</license>
    <forum>http://forum.kodi.tv/forumdisplay.php?fid=235</forum>
    <website/>
    <email/>
    <source>https://github.com/kodi-adsp/adsp.freesurround</source>
  </extension>
</addon>
