﻿<?xml version="1.0" encoding="UTF-8"?>
<site generator-info-name="WebGrab+Plus/w MDB &amp; REX Postprocess -- version V1.56.15 -- Jan van Straaten" site="rcs-rds.ro.com">
  <channels>
    <channel update="i" site="rcs-rds.ro" site_id="6" xmltv_id="Acasa TV">Acasa TV</channel>
    <channel update="i" site="rcs-rds.ro" site_id="4" xmltv_id="Antena1">Antena1</channel>
    <channel update="i" site="rcs-rds.ro" site_id="38" xmltv_id="Antena3">Antena3</channel>
    <channel update="i" site="rcs-rds.ro" site_id="16" xmltv_id="AXN">AXN</channel>
    <channel update="i" site="rcs-rds.ro" site_id="10" xmltv_id="B1TV">B1TV</channel>
    <channel update="i" site="rcs-rds.ro" site_id="35" xmltv_id="Cinemax">Cinemax</channel>
    <channel update="i" site="rcs-rds.ro" site_id="921" xmltv_id="Digi Animal World">Digi Animal World</channel>
    <channel update="i" site="rcs-rds.ro" site_id="490" xmltv_id="Digi Film">Digi Film</channel>
    <channel update="i" site="rcs-rds.ro" site_id="914" xmltv_id="Digi Life">Digi Life</channel>
    <channel update="i" site="rcs-rds.ro" site_id="155" xmltv_id="Digi Premium">Digi Premium</channel>
    <channel update="i" site="rcs-rds.ro" site_id="449" xmltv_id="Digi Sport 1">Digi Sport 1</channel>
    <channel update="i" site="rcs-rds.ro" site_id="450" xmltv_id="Digi Sport 2">Digi Sport 2</channel>
    <channel update="i" site="rcs-rds.ro" site_id="338" xmltv_id="Digi Sport 3">Digi Sport 3</channel>
    <channel update="i" site="rcs-rds.ro" site_id="913" xmltv_id="Digi World">Digi World</channel>
    <channel update="i" site="rcs-rds.ro" site_id="904" xmltv_id="Digi24">Digi24</channel>
    <channel update="i" site="rcs-rds.ro" site_id="25" xmltv_id="Etno TV">Etno TV</channel>
    <channel update="i" site="rcs-rds.ro" site_id="19" xmltv_id="Eurosport">Eurosport</channel>
    <channel update="i" site="rcs-rds.ro" site_id="462" xmltv_id="Eurosport 2">Eurosport 2</channel>
    <channel update="i" site="rcs-rds.ro" site_id="463" xmltv_id="Favorit">Favorit</channel>
    <channel update="i" site="rcs-rds.ro" site_id="14" xmltv_id="Hallmark">Hallmark</channel>
    <channel update="i" site="rcs-rds.ro" site_id="34" xmltv_id="HBO">HBO</channel>
    <channel update="i" site="rcs-rds.ro" site_id="323" xmltv_id="HBO Comedy">HBO Comedy</channel>
    <channel update="i" site="rcs-rds.ro" site_id="20" xmltv_id="Jetix">Jetix</channel>
    <channel update="i" site="rcs-rds.ro" site_id="322" xmltv_id="Kanal D">Kanal D</channel>
    <channel update="i" site="rcs-rds.ro" site_id="45" xmltv_id="Kiss TV">Kiss TV</channel>
    <channel update="i" site="rcs-rds.ro" site_id="21" xmltv_id="Minimax">Minimax</channel>
    <channel update="i" site="rcs-rds.ro" site_id="23" xmltv_id="MTV Romania">MTV Romania</channel>
    <channel update="i" site="rcs-rds.ro" site_id="12" xmltv_id="National 24 Plus">National 24 Plus</channel>
    <channel update="i" site="rcs-rds.ro" site_id="29" xmltv_id="National Geographic">National Geographic</channel>
    <channel update="i" site="rcs-rds.ro" site_id="448" xmltv_id="National Geographic Wild">National Geographic Wild</channel>
    <channel update="i" site="rcs-rds.ro" site_id="11" xmltv_id="National TV">National TV</channel>
    <channel update="i" site="rcs-rds.ro" site_id="8" xmltv_id="Prima TV">Prima TV</channel>
    <channel update="i" site="rcs-rds.ro" site_id="5" xmltv_id="PRO TV">PRO TV</channel>
    <channel update="i" site="rcs-rds.ro" site_id="7" xmltv_id="PRO TV International">PRO TV International</channel>
    <channel update="i" site="rcs-rds.ro" site_id="15" xmltv_id="ProCinema">ProCinema</channel>
    <channel update="i" site="rcs-rds.ro" site_id="9" xmltv_id="REALITATEA TV">REALITATEA TV</channel>
    <channel update="i" site="rcs-rds.ro" site_id="17" xmltv_id="Romantica">Romantica</channel>
    <channel update="i" site="rcs-rds.ro" site_id="18" xmltv_id="Sport.ro">Sport.ro</channel>
    <channel update="i" site="rcs-rds.ro" site_id="469" xmltv_id="Taraf TV">Taraf TV</channel>
    <channel update="i" site="rcs-rds.ro" site_id="472" xmltv_id="TV Neptun">TV Neptun</channel>
    <channel update="i" site="rcs-rds.ro" site_id="321" xmltv_id="TV1000">TV1000</channel>
    <channel update="i" site="rcs-rds.ro" site_id="1" xmltv_id="TVR 1">TVR 1</channel>
    <channel update="i" site="rcs-rds.ro" site_id="2" xmltv_id="TVR 2">TVR 2</channel>
    <channel update="i" site="rcs-rds.ro" site_id="3" xmltv_id="TVR Cultural">TVR Cultural</channel>
    <channel update="i" site="rcs-rds.ro" site_id="22" xmltv_id="U TV">U TV</channel>
    <channel update="i" site="rcs-rds.ro" site_id="447" xmltv_id="Universal Channel">Universal Channel</channel>
    <channel update="i" site="rcs-rds.ro" site_id="24" xmltv_id="VH1">VH1</channel>
    <channel update="i" site="rcs-rds.ro" site_id="36" xmltv_id="Viasat Explorer">Viasat Explorer</channel>
    <channel update="i" site="rcs-rds.ro" site_id="37" xmltv_id="Viasat History">Viasat History</channel>
    <channel update="i" site="rcs-rds.ro" site_id="30" xmltv_id="Zone Reality">Zone Reality</channel>
  </channels>
</site>