<?xml version="1.0" encoding="UTF-8"?>
<addon id="visualization.shadertoy" version="1.1.8.6" name="Shadertoy" provider-name="Team-Kodi">
  <requires>
    <import addon="kodi.binary.global.main" version="1.0.12"/>
    <import addon="kodi.binary.instance.visualization" version="2.0.1"/>
  </requires>
  <extension point="xbmc.player.musicviz" library_linux="visualization.shadertoy.so.1.1.8"/>
  <extension point="xbmc.addon.metadata">
    <summary lang="en">Visualisations from Shadertoy</summary>
    <description lang="en">Visualisations from Shadertoy</description>
    <platform>linux</platform>
  </extension>
</addon>
