<?xml version="1.0" encoding="UTF-8"?>
<addon id="game.libretro.scummvm" name="ScummVM" version="1.9.0.104" provider-name="Libretro">
  <requires>
    <import addon="game.libretro" version="1.0.0"/>
  </requires>
  <extension point="kodi.gameclient" library_linux="game.libretro.scummvm.so">
    <platforms/>
    <extensions>exe|scum|scummvm</extensions>
    <supports_vfs>false</supports_vfs>
    <supports_standalone>true</supports_standalone>
    <supports_keyboard>true</supports_keyboard>
    <supports_mouse>true</supports_mouse>
  </extension>
  <extension point="xbmc.addon.metadata">
    <summary lang="en">ScummVM 1.9.0</summary>
    <description>ScummVM is a collection of game engine recreations. ScummVM emulates several systems, including the SCUMM system for LucasArts adventure games.

Supported files: .exe, .scum, .scummvm</description>
    <license>GPLv2</license>
    <platform>linux</platform>
    <assets>
      <icon>resources/icon.png</icon>
      <fanart>resources/fanart.jpg</fanart>
      <screenshot>resources/screenshot-01.jpg</screenshot>
      <screenshot>resources/screenshot-02.jpg</screenshot>
      <screenshot>resources/screenshot-03.jpg</screenshot>
    </assets>
  </extension>
</addon>
