﻿<?xml version="1.0" encoding="UTF-8"?>
<site generator-info-name="WebGrab+Plus/w MDB &amp; REX Postprocess -- version V1.56.15 -- Jan van Straaten" site="rpt.pt">
  <channels>
    <channel update="i" site="rpt.pt" site_id="1" xmltv_id="RTP1">RTP1</channel>
    <channel update="i" site="rpt.pt" site_id="8" xmltv_id="RTP2">RTP2</channel>
    <channel update="i" site="rpt.pt" site_id="7" xmltv_id="RTP3">RTP3</channel>
    <channel update="i" site="rpt.pt" site_id="9" xmltv_id="RTP Memória">RTP Memória</channel>
    <channel update="i" site="rpt.pt" site_id="6" xmltv_id="RTP África">RTP África</channel>
    <channel update="i" site="rpt.pt" site_id="5" xmltv_id="RTP Internacional">RTP Internacional</channel>
    <channel update="i" site="rpt.pt" site_id="3" xmltv_id="RTP Açores">RTP Açores</channel>
    <channel update="i" site="rpt.pt" site_id="4" xmltv_id="RTP Madeira">RTP Madeira</channel>
  </channels>
</site>