<?xml version="1.0" encoding="UTF-8"?>
<addon id="game.libretro.beetle-gba" name="Game Boy Advance (Beetle GBA)" version="0.9.36.104" provider-name="Libretro">
  <requires>
    <import addon="game.libretro" version="1.0.0"/>
    <import addon="game.controller.gba" version="1.0.0"/>
  </requires>
  <extension point="kodi.gameclient" library_linux="game.libretro.beetle-gba.so">
    <platforms>GBA</platforms>
    <extensions>gba|agb|bin</extensions>
    <supports_vfs>false</supports_vfs>
    <supports_standalone>false</supports_standalone>
    <supports_keyboard>false</supports_keyboard>
    <supports_mouse>false</supports_mouse>
  </extension>
  <extension point="xbmc.addon.metadata">
    <summary lang="en">Game Boy Advance (Beetle GBA) v0.9.36</summary>
    <description>Beetle GBA is a fork of Mednafen's GBA core for the libretro project.

Supported files: .gba, .agb, .bin</description>
    <license>GPLv2</license>
    <platform>linux</platform>
    <assets>
      <screenshot>resources/screenshot-01.jpg</screenshot>
      <screenshot>resources/screenshot-02.jpg</screenshot>
      <screenshot>resources/screenshot-03.jpg</screenshot>
    </assets>
  </extension>
</addon>
