<?xml version="1.0" ?>
<buttonmap>
    <device name="HuiJia  USB GamePad" provider="linux" buttoncount="16" axiscount="6">
        <controller id="game.controller.default">
            <feature name="a" button="2" />
            <feature name="b" button="1" />
            <feature name="back" button="8" />
            <feature name="down" axis="+1" />
            <feature name="left" axis="-0" />
            <feature name="leftbumper" button="6" />
            <feature name="right" axis="+0" />
            <feature name="rightbumper" button="7" />
            <feature name="start" button="9" />
            <feature name="up" axis="-1" />
            <feature name="x" button="3" />
            <feature name="y" button="0" />
        </controller>
        <controller id="game.controller.dreamcast">
            <feature name="a" button="2" />
            <feature name="b" button="1" />
            <feature name="down" axis="+1" />
            <feature name="left" axis="-0" />
            <feature name="lefttrigger" button="6" />
            <feature name="right" axis="+0" />
            <feature name="righttrigger" button="7" />
            <feature name="start" button="9" />
            <feature name="up" axis="-1" />
            <feature name="x" button="3" />
            <feature name="y" button="0" />
        </controller>
        <controller id="game.controller.gba">
            <feature name="a" button="2" />
            <feature name="b" button="1" />
            <feature name="down" axis="+1" />
            <feature name="left" axis="-0" />
            <feature name="leftbumper" button="6" />
            <feature name="right" axis="+0" />
            <feature name="rightbumper" button="7" />
            <feature name="select" button="8" />
            <feature name="start" button="9" />
            <feature name="up" axis="-1" />
        </controller>
        <controller id="game.controller.genesis">
            <feature name="a" button="2" />
            <feature name="b" button="1" />
            <feature name="down" axis="+1" />
            <feature name="left" axis="-0" />
            <feature name="mode" button="8" />
            <feature name="right" axis="+0" />
            <feature name="start" button="9" />
            <feature name="up" axis="-1" />
            <feature name="x" button="3" />
            <feature name="y" button="0" />
        </controller>
        <controller id="game.controller.n64">
            <feature name="a" button="2" />
            <feature name="b" button="1" />
            <feature name="down" axis="+1" />
            <feature name="left" axis="-0" />
            <feature name="leftbumper" button="6" />
            <feature name="right" axis="+0" />
            <feature name="rightbumper" button="7" />
            <feature name="start" button="9" />
            <feature name="up" axis="-1" />
        </controller>
        <controller id="game.controller.nes">
            <feature name="a" button="1" />
            <feature name="b" button="2" />
            <feature name="down" axis="+1" />
            <feature name="left" axis="-0" />
            <feature name="right" axis="+0" />
            <feature name="select" button="8" />
            <feature name="start" button="9" />
            <feature name="up" axis="-1" />
        </controller>
        <controller id="game.controller.ps">
            <feature name="circle" button="1" />
            <feature name="cross" button="2" />
            <feature name="down" axis="+1" />
            <feature name="left" axis="-0" />
            <feature name="leftbumper" button="6" />
            <feature name="right" axis="+0" />
            <feature name="rightbumper" button="7" />
            <feature name="select" button="8" />
            <feature name="square" button="3" />
            <feature name="start" button="9" />
            <feature name="triangle" button="0" />
            <feature name="up" axis="-1" />
        </controller>
        <controller id="game.controller.snes">
            <feature name="a" button="1" />
            <feature name="b" button="2" />
            <feature name="down" axis="+1" />
            <feature name="left" axis="-0" />
            <feature name="leftbumper" button="6" />
            <feature name="right" axis="+0" />
            <feature name="rightbumper" button="7" />
            <feature name="select" button="8" />
            <feature name="start" button="9" />
            <feature name="up" axis="-1" />
            <feature name="x" button="0" />
            <feature name="y" button="3" />
        </controller>
    </device>
</buttonmap>
