<?xml version="1.0" ?>
<buttonmap>
    <device name="Logitech Logitech Dual Action" provider="linux" buttoncount="12" axiscount="6">
        <controller id="game.controller.default">
            <feature name="a" button="1" />
            <feature name="b" button="2" />
            <feature name="back" button="8" />
            <feature name="down" axis="+5" />
            <feature name="left" axis="-4" />
            <feature name="leftbumper" button="6" />
            <feature name="leftstick">
                <up axis="-1" />
                <down axis="+1" />
                <right axis="+0" />
                <left axis="-0" />
            </feature>
            <feature name="lefttrigger" button="4" />
            <feature name="right" axis="+4" />
            <feature name="rightbumper" button="7" />
            <feature name="rightstick">
                <up axis="-3" />
                <down axis="+3" />
                <right axis="+2" />
                <left axis="-2" />
            </feature>
            <feature name="righttrigger" button="5" />
            <feature name="start" button="9" />
            <feature name="up" axis="-5" />
            <feature name="x" button="0" />
            <feature name="y" button="3" />
        </controller>
        <controller id="game.controller.gba">
            <feature name="a" button="0" />
            <feature name="b" button="2" />
            <feature name="down" axis="+5" />
            <feature name="left" axis="-4" />
            <feature name="leftbumper" button="6" />
            <feature name="right" axis="+4" />
            <feature name="rightbumper" button="7" />
            <feature name="select" button="8" />
            <feature name="start" button="9" />
            <feature name="up" axis="-5" />
        </controller>
        <controller id="game.controller.genesis">
            <feature name="a" button="0" />
            <feature name="b" button="3" />
            <feature name="c" button="2" />
            <feature name="down" axis="+5" />
            <feature name="left" axis="-4" />
            <feature name="mode" button="8" />
            <feature name="right" axis="+4" />
            <feature name="start" button="9" />
            <feature name="up" axis="-5" />
            <feature name="x" button="1" />
            <feature name="y" button="4" />
            <feature name="z" button="5" />
        </controller>
        <controller id="game.controller.n64">
            <feature name="a" button="1" />
            <feature name="analogstick">
                <up axis="-1" />
                <down axis="+1" />
                <right axis="+0" />
                <left axis="-0" />
            </feature>
            <feature name="b" button="2" />
            <feature name="cdown" axis="+3" />
            <feature name="cleft" axis="-2" />
            <feature name="cright" axis="+2" />
            <feature name="cup" axis="-3" />
            <feature name="down" axis="+5" />
            <feature name="left" axis="-4" />
            <feature name="leftbumper" button="6" />
            <feature name="right" axis="+4" />
            <feature name="rightbumper" button="7" />
            <feature name="start" button="9" />
            <feature name="up" axis="-5" />
            <feature name="z" button="8" />
        </controller>
        <controller id="game.controller.nes">
            <feature name="a" button="1" />
            <feature name="b" button="2" />
            <feature name="down" axis="+5" />
            <feature name="left" axis="-4" />
            <feature name="right" axis="+4" />
            <feature name="select" button="8" />
            <feature name="start" button="9" />
            <feature name="up" axis="-5" />
        </controller>
        <controller id="game.controller.ps">
            <feature name="circle" button="2" />
            <feature name="cross" button="1" />
            <feature name="down" axis="+5" />
            <feature name="left" axis="-4" />
            <feature name="leftbumper" button="6" />
            <feature name="lefttrigger" button="4" />
            <feature name="right" axis="+4" />
            <feature name="rightbumper" button="7" />
            <feature name="righttrigger" button="5" />
            <feature name="select" button="8" />
            <feature name="square" button="0" />
            <feature name="start" button="9" />
            <feature name="triangle" button="3" />
            <feature name="up" axis="-5" />
        </controller>
        <controller id="game.controller.snes">
            <feature name="a" button="2" />
            <feature name="b" button="1" />
            <feature name="down" axis="+5" />
            <feature name="left" axis="-4" />
            <feature name="leftbumper" button="6" />
            <feature name="right" axis="+4" />
            <feature name="rightbumper" button="7" />
            <feature name="select" button="8" />
            <feature name="start" button="9" />
            <feature name="up" axis="-5" />
            <feature name="x" button="3" />
            <feature name="y" button="0" />
        </controller>
    </device>
</buttonmap>
