<?xml version="1.0" encoding="UTF-8" standalone="yes"?>
<addon id="service.spotify-connect-web"
       name="Spotify Connect Web"
       version="8.1.103"
       provider-name="Anton Voyl (awiouy)">
  <requires>
    <import addon="os.libreelec.tv" version="8.0"/>
    <import addon="xbmc.python" version="2.1.0"/>

  </requires>
  <extension point="xbmc.service" library="default.py">
    <provides></provides>
  </extension>
  <extension point="xbmc.addon.metadata">
    <summary>Spotify Connect Web: play Spotify through LibreELEC</summary>
    <description>
Spotify Connect Web (0.0.3-alpha) plays Spotify through LibreELEC, using a Spotify app as a remote.
    </description>
    <disclaimer>

    </disclaimer>
    <platform>all</platform>
    <news>
8.0.103
- Handle PCM specified as a:CARD=c,DEV=d

8.0.102
- Add passwordless/mutiuser login

8.0.101
- Use mixer card index
- Add instructions to the addon settings
- Add a configuration wizard to assist with ALSA configuration
- Enable setting initial volume
- Activate onboard audio interface if no audio interface is active
- Activate known audio interface if selected but inactive
- Only set the playback route for RPi2 onboard audio interface
- Remove default settings
- Fix the erroneous bit rate setting

8.0.100
- Initial addon
    </news>
    <assets>
      <icon>resources/icon.png</icon>
      <fanart>resources/fanart.png</fanart>

    </assets>
  </extension>
</addon>
