﻿<?xml version="1.0" encoding="UTF-8"?>
<site generator-info-name="WebGrab+Plus/w MDB &amp; REX Postprocess -- version V1.56.28.2 -- Jan van Straaten" site="rtvslo.si">
  <channels>
    <channel update="i" site="rtvslo.si" site_id="tvs1" xmltv_id="TVS1">TVS1</channel>
    <channel update="i" site="rtvslo.si" site_id="tvs2" xmltv_id="TVS2">TVS2</channel>
    <channel update="i" site="rtvslo.si" site_id="tvs3" xmltv_id="TVS3">TVS3</channel>
    <channel update="i" site="rtvslo.si" site_id="tvkp" xmltv_id="TVKP">TVKP</channel>
    <channel update="i" site="rtvslo.si" site_id="tvmb" xmltv_id="TVMB">TVMB</channel>
    <channel update="i" site="rtvslo.si" site_id="tvmmc" xmltv_id="TVMMC">TVMMC</channel>
    <channel update="i" site="rtvslo.si" site_id="ra1" xmltv_id="RA1">RA1</channel>
    <channel update="i" site="rtvslo.si" site_id="val202" xmltv_id="VAL202">VAL202</channel>
    <channel update="i" site="rtvslo.si" site_id="ars" xmltv_id="ARS">ARS</channel>
    <channel update="i" site="rtvslo.si" site_id="rasi" xmltv_id="RASI">RASI</channel>
    <channel update="i" site="rtvslo.si" site_id="ramb" xmltv_id="RAMB">RAMB</channel>
    <channel update="i" site="rtvslo.si" site_id="rakp" xmltv_id="RAKP">RAKP</channel>
    <channel update="i" site="rtvslo.si" site_id="capo" xmltv_id="CAPO">CAPO</channel>
    <channel update="i" site="rtvslo.si" site_id="rammr" xmltv_id="RAMMR">RAMMR</channel>
    <channel update="i" site="rtvslo.si" site_id="sport202" xmltv_id="SPORT202">SPORT202</channel>
  </channels>
</site>