﻿<?xml version="1.0" encoding="UTF-8"?>
<site generator-info-name="WebGrab+Plus/w MDB &amp; REX Postprocess -- version V1.56.18 -- Jan van Straaten" site="sportklubtv.si">
  <channels>
    <channel update="i" site="sportklubtv.si" site_id="1" xmltv_id="SK1">SK1</channel>
    <channel update="i" site="sportklubtv.si" site_id="2" xmltv_id="SK2">SK2</channel>
    <channel update="i" site="sportklubtv.si" site_id="3" xmltv_id="SK3">SK3</channel>
    <channel update="i" site="sportklubtv.si" site_id="4" xmltv_id="SK HD">SK HD</channel>
    <channel update="i" site="sportklubtv.si" site_id="5" xmltv_id="SK Golf">SK Golf</channel>
    <channel update="i" site="sportklubtv.si" site_id="6" xmltv_id="SK4">SK4</channel>
    <channel update="i" site="sportklubtv.si" site_id="7" xmltv_id="SK5">SK5</channel>
    <channel update="i" site="sportklubtv.si" site_id="8" xmltv_id="SK6">SK6</channel>
  </channels>
</site>