﻿<?xml version="1.0" encoding="UTF-8"?>
<site generator-info-name="WebGrab+Plus/w MDB &amp; REX Postprocess -- version V1.56.26 -- Jan van Straaten" site="truevisiontv.com">
  <channels>
    <channel update="i" site="truevisiontv.com" site_id="040" xmltv_id="insE">insE</channel>
    <channel update="i" site="truevisiontv.com" site_id="C03" xmltv_id="CH-3">CH-3</channel>
    <channel update="i" site="truevisiontv.com" site_id="207" xmltv_id="true4U">true4U</channel>
    <channel update="i" site="truevisiontv.com" site_id="C07" xmltv_id="CH-7">CH-7</channel>
    <channel update="i" site="truevisiontv.com" site_id="139" xmltv_id="TPPY">TPPY</channel>
    <channel update="i" site="truevisiontv.com" site_id="021" xmltv_id="TNN">TNN</channel>
    <channel update="i" site="truevisiontv.com" site_id="057" xmltv_id="MOVH">MOVH</channel>
    <channel update="i" site="truevisiontv.com" site_id="D53" xmltv_id="MCOT HD">MCOT HD</channel>
    <channel update="i" site="truevisiontv.com" site_id="127" xmltv_id="TSEL">TSEL</channel>
    <channel update="i" site="truevisiontv.com" site_id="C05" xmltv_id="CH-5">CH-5</channel>
    <channel update="i" site="truevisiontv.com" site_id="C11" xmltv_id="NBT">NBT</channel>
    <channel update="i" site="truevisiontv.com" site_id="C12" xmltv_id="TPBS">TPBS</channel>
    <channel update="i" site="truevisiontv.com" site_id="154" xmltv_id="V TV">V TV</channel>
    <channel update="i" site="truevisiontv.com" site_id="149" xmltv_id="WPTV">WPTV</channel>
    <channel update="i" site="truevisiontv.com" site_id="C09" xmltv_id="CH-9">CH-9</channel>
    <channel update="i" site="truevisiontv.com" site_id="152" xmltv_id="M CH">M CH</channel>
    <channel update="i" site="truevisiontv.com" site_id="161" xmltv_id="SK THT">SK THT</channel>
    <channel update="i" site="truevisiontv.com" site_id="169" xmltv_id="BL A">BL A</channel>
    <channel update="i" site="truevisiontv.com" site_id="108" xmltv_id="S BT">S BT</channel>
    <channel update="i" site="truevisiontv.com" site_id="151" xmltv_id="MRCL">MRCL</channel>
    <channel update="i" site="truevisiontv.com" site_id="143" xmltv_id="C CLUB">C CLUB</channel>
    <channel update="i" site="truevisiontv.com" site_id="080" xmltv_id="REAL">REAL</channel>
    <channel update="i" site="truevisiontv.com" site_id="176" xmltv_id="FILM">FILM</channel>
    <channel update="i" site="truevisiontv.com" site_id="099" xmltv_id="HBOHD">HBOHD</channel>
    <channel update="i" site="truevisiontv.com" site_id="065" xmltv_id="HBOH">HBOH</channel>
    <channel update="i" site="truevisiontv.com" site_id="067" xmltv_id="HBOS">HBOS</channel>
    <channel update="i" site="truevisiontv.com" site_id="195" xmltv_id="HBO F">HBO F</channel>
    <channel update="i" site="truevisiontv.com" site_id="198" xmltv_id="CINEMAX HD">CINEMAX HD</channel>
    <channel update="i" site="truevisiontv.com" site_id="182" xmltv_id="RED">RED</channel>
    <channel update="i" site="truevisiontv.com" site_id="140" xmltv_id="SUN HD">SUN HD</channel>
    <channel update="i" site="truevisiontv.com" site_id="119" xmltv_id="FFM HD">FFM HD</channel>
    <channel update="i" site="truevisiontv.com" site_id="134" xmltv_id="FOXP HD">FOXP HD</channel>
    <channel update="i" site="truevisiontv.com" site_id="142" xmltv_id="KBS HD">KBS HD</channel>
    <channel update="i" site="truevisiontv.com" site_id="014" xmltv_id="DIVA">DIVA</channel>
    <channel update="i" site="truevisiontv.com" site_id="048" xmltv_id="TVB">TVB</channel>
    <channel update="i" site="truevisiontv.com" site_id="094" xmltv_id="TFLM">TFLM</channel>
    <channel update="i" site="truevisiontv.com" site_id="006" xmltv_id="FL A">FL A</channel>
    <channel update="i" site="truevisiontv.com" site_id="081" xmltv_id="ASER">ASER</channel>
    <channel update="i" site="truevisiontv.com" site_id="002" xmltv_id="SRES">SRES</channel>
    <channel update="i" site="truevisiontv.com" site_id="066" xmltv_id="HBOF">HBOF</channel>
    <channel update="i" site="truevisiontv.com" site_id="199" xmltv_id="RED">RED</channel>
    <channel update="i" site="truevisiontv.com" site_id="210" xmltv_id="AMC">AMC</channel>
    <channel update="i" site="truevisiontv.com" site_id="047" xmltv_id="TCM">TCM</channel>
    <channel update="i" site="truevisiontv.com" site_id="212" xmltv_id="GEM">GEM</channel>
    <channel update="i" site="truevisiontv.com" site_id="054" xmltv_id="KBS">KBS</channel>
    <channel update="i" site="truevisiontv.com" site_id="113" xmltv_id="FOX">FOX</channel>
    <channel update="i" site="truevisiontv.com" site_id="107" xmltv_id="AFHD">AFHD</channel>
    <channel update="i" site="truevisiontv.com" site_id="120" xmltv_id="AXN HD">AXN HD</channel>
    <channel update="i" site="truevisiontv.com" site_id="177" xmltv_id="RTL EN">RTL EN</channel>
    <channel update="i" site="truevisiontv.com" site_id="208" xmltv_id="RTL EX">RTL EX</channel>
    <channel update="i" site="truevisiontv.com" site_id="174" xmltv_id="LFTM">LFTM</channel>
    <channel update="i" site="truevisiontv.com" site_id="034" xmltv_id="true_x_zyte">true_x_zyte</channel>
    <channel update="i" site="truevisiontv.com" site_id="160" xmltv_id="LITV">LITV</channel>
    <channel update="i" site="truevisiontv.com" site_id="179" xmltv_id="FASH 1">FASH 1</channel>
    <channel update="i" site="truevisiontv.com" site_id="178" xmltv_id="FTV HD">FTV HD</channel>
    <channel update="i" site="truevisiontv.com" site_id="197" xmltv_id="TRAVEL PLANET HD">TRAVEL PLANET HD</channel>
    <channel update="i" site="truevisiontv.com" site_id="121" xmltv_id="KM HD">KM HD</channel>
    <channel update="i" site="truevisiontv.com" site_id="122" xmltv_id="ICN HD">ICN HD</channel>
    <channel update="i" site="truevisiontv.com" site_id="055" xmltv_id="E!">E!</channel>
    <channel update="i" site="truevisiontv.com" site_id="130" xmltv_id="BBCL">BBCL</channel>
    <channel update="i" site="truevisiontv.com" site_id="052" xmltv_id="BBCE">BBCE</channel>
    <channel update="i" site="truevisiontv.com" site_id="082" xmltv_id="HFC">HFC</channel>
    <channel update="i" site="truevisiontv.com" site_id="064" xmltv_id="TMUS">TMUS</channel>
    <channel update="i" site="truevisiontv.com" site_id="109" xmltv_id="TTCH">TTCH</channel>
    <channel update="i" site="truevisiontv.com" site_id="042" xmltv_id="CHIC">CHIC</channel>
    <channel update="i" site="truevisiontv.com" site_id="016" xmltv_id="MTV">MTV</channel>
    <channel update="i" site="truevisiontv.com" site_id="114" xmltv_id="VERY">VERY</channel>
    <channel update="i" site="truevisiontv.com" site_id="110" xmltv_id="TRAV">TRAV</channel>
    <channel update="i" site="truevisiontv.com" site_id="007" xmltv_id="SPRK">SPRK</channel>
    <channel update="i" site="truevisiontv.com" site_id="101" xmltv_id="TOON">TOON</channel>
    <channel update="i" site="truevisiontv.com" site_id="173" xmltv_id="DISNEY XD">DISNEY XD</channel>
    <channel update="i" site="truevisiontv.com" site_id="072" xmltv_id="Disn">Disn</channel>
    <channel update="i" site="truevisiontv.com" site_id="073" xmltv_id="D JR">D JR</channel>
    <channel update="i" site="truevisiontv.com" site_id="192" xmltv_id="CN HD">CN HD</channel>
    <channel update="i" site="truevisiontv.com" site_id="145" xmltv_id="D KIDS">D KIDS</channel>
    <channel update="i" site="truevisiontv.com" site_id="089" xmltv_id="NICK">NICK</channel>
    <channel update="i" site="truevisiontv.com" site_id="019" xmltv_id="TCCN">TCCN</channel>
    <channel update="i" site="truevisiontv.com" site_id="131" xmltv_id="CBee">CBee</channel>
    <channel update="i" site="truevisiontv.com" site_id="117" xmltv_id="DSW HD">DSW HD</channel>
    <channel update="i" site="truevisiontv.com" site_id="141" xmltv_id="HIST HD">HIST HD</channel>
    <channel update="i" site="truevisiontv.com" site_id="163" xmltv_id="H2">H2</channel>
    <channel update="i" site="truevisiontv.com" site_id="116" xmltv_id="NGC HD">NGC HD</channel>
    <channel update="i" site="truevisiontv.com" site_id="058" xmltv_id="EXP1">EXP1</channel>
    <channel update="i" site="truevisiontv.com" site_id="060" xmltv_id="EXP2">EXP2</channel>
    <channel update="i" site="truevisiontv.com" site_id="008" xmltv_id="DSCV">DSCV</channel>
    <channel update="i" site="truevisiontv.com" site_id="069" xmltv_id="DSci">DSci</channel>
    <channel update="i" site="truevisiontv.com" site_id="071" xmltv_id="EVE">EVE</channel>
    <channel update="i" site="truevisiontv.com" site_id="070" xmltv_id="DMAX">DMAX</channel>
    <channel update="i" site="truevisiontv.com" site_id="068" xmltv_id="D TL">D TL</channel>
    <channel update="i" site="truevisiontv.com" site_id="024" xmltv_id="ANPL">ANPL</channel>
    <channel update="i" site="truevisiontv.com" site_id="213" xmltv_id="BBC Earth">BBC Earth</channel>
    <channel update="i" site="truevisiontv.com" site_id="032" xmltv_id="NGC">NGC</channel>
    <channel update="i" site="truevisiontv.com" site_id="171" xmltv_id="SME">SME</channel>
    <channel update="i" site="truevisiontv.com" site_id="128" xmltv_id="RAMA">RAMA</channel>
    <channel update="i" site="truevisiontv.com" site_id="097" xmltv_id="TSPHD">TSPHD</channel>
    <channel update="i" site="truevisiontv.com" site_id="123" xmltv_id="TS HD2">TS HD2</channel>
    <channel update="i" site="truevisiontv.com" site_id="184" xmltv_id="TS HD3">TS HD3</channel>
    <channel update="i" site="truevisiontv.com" site_id="062" xmltv_id="TS HD4">TS HD4</channel>
    <channel update="i" site="truevisiontv.com" site_id="045" xmltv_id="TENNIS">TENNIS</channel>
    <channel update="i" site="truevisiontv.com" site_id="165" xmltv_id="MVSN HD">MVSN HD</channel>
    <channel update="i" site="truevisiontv.com" site_id="164" xmltv_id="OUTD HD">OUTD HD</channel>
    <channel update="i" site="truevisiontv.com" site_id="166" xmltv_id="NBA HD">NBA HD</channel>
    <channel update="i" site="truevisiontv.com" site_id="095" xmltv_id="GCT">GCT</channel>
    <channel update="i" site="truevisiontv.com" site_id="202" xmltv_id="beIN SPORT">beIN SPORT</channel>
    <channel update="i" site="truevisiontv.com" site_id="088" xmltv_id="ASN">ASN</channel>
    <channel update="i" site="truevisiontv.com" site_id="004" xmltv_id="FSPT">FSPT</channel>
    <channel update="i" site="truevisiontv.com" site_id="009" xmltv_id="TSP1">TSP1</channel>
    <channel update="i" site="truevisiontv.com" site_id="013" xmltv_id="TSP2">TSP2</channel>
    <channel update="i" site="truevisiontv.com" site_id="043" xmltv_id="TSP3">TSP3</channel>
    <channel update="i" site="truevisiontv.com" site_id="056" xmltv_id="TSP5">TSP5</channel>
    <channel update="i" site="truevisiontv.com" site_id="075" xmltv_id="TSP6">TSP6</channel>
    <channel update="i" site="truevisiontv.com" site_id="105" xmltv_id="TSP7">TSP7</channel>
    <channel update="i" site="truevisiontv.com" site_id="010" xmltv_id="SPRT">SPRT</channel>
    <channel update="i" site="truevisiontv.com" site_id="146" xmltv_id="FSP HD">FSP HD</channel>
    <channel update="i" site="truevisiontv.com" site_id="111" xmltv_id="SPCH">SPCH</channel>
    <channel update="i" site="truevisiontv.com" site_id="125" xmltv_id="SSN">SSN</channel>
    <channel update="i" site="truevisiontv.com" site_id="124" xmltv_id="SSOC">SSOC</channel>
    <channel update="i" site="truevisiontv.com" site_id="086" xmltv_id="T-Sports">T-Sports</channel>
    <channel update="i" site="truevisiontv.com" site_id="135" xmltv_id="TNN HD">TNN HD</channel>
    <channel update="i" site="truevisiontv.com" site_id="001" xmltv_id="CNN">CNN</channel>
    <channel update="i" site="truevisiontv.com" site_id="091" xmltv_id="PHOX">PHOX</channel>
    <channel update="i" site="truevisiontv.com" site_id="193" xmltv_id="BBC WORLD NEWS">BBC WORLD NEWS</channel>
    <channel update="i" site="truevisiontv.com" site_id="020" xmltv_id="CNBC">CNBC</channel>
    <channel update="i" site="truevisiontv.com" site_id="085" xmltv_id="MONEY">MONEY</channel>
    <channel update="i" site="truevisiontv.com" site_id="046" xmltv_id="BMBG">BMBG</channel>
    <channel update="i" site="truevisiontv.com" site_id="074" xmltv_id="TNN2">TNN2</channel>
    <channel update="i" site="truevisiontv.com" site_id="012" xmltv_id="BBC">BBC</channel>
    <channel update="i" site="truevisiontv.com" site_id="027" xmltv_id="CCTV">CCTV</channel>
    <channel update="i" site="truevisiontv.com" site_id="026" xmltv_id="NHK World Premium">NHK World Premium</channel>
    <channel update="i" site="truevisiontv.com" site_id="028" xmltv_id="TV5">TV5</channel>
    <channel update="i" site="truevisiontv.com" site_id="D75" xmltv_id="DW (Deutsch)">DW (Deutsch)</channel>
    <channel update="i" site="truevisiontv.com" site_id="D20" xmltv_id="YTN">YTN</channel>
    <channel update="i" site="truevisiontv.com" site_id="D24" xmltv_id="Australia Plus Television">Australia Plus Television</channel>
    <channel update="i" site="truevisiontv.com" site_id="211" xmltv_id="NHK World TV">NHK World TV</channel>
  </channels>
</site>