<?xml version="1.0" encoding="UTF-8" standalone="yes"?>
<addon id="service.multimedia.tvheadend"
       name="Tvheadend 4.0"
       version="8.1.102"
       provider-name="libreelec.tv">
  <requires>
    <import addon="os.libreelec.tv" version="8.0"/>
    <import addon="xbmc.python" version="2.1.0"/>

  </requires>
  <extension point="xbmc.service" library="default.py">
    <provides></provides>
  </extension>
  <extension point="xbmc.addon.metadata">
    <summary>Tvheadend: a TV streaming server for Linux</summary>
    <description>
Tvheadend (4.0.9): is a TV streaming server for Linux supporting DVB-S/S2, DVB-C, DVB-T/T2, IPTV, SAT>IP and ATSC
    </description>
    <disclaimer>

    </disclaimer>
    <platform>all</platform>
    <news>
8.0.102
- update tvheadend to 4.0.9-12
- fixes picons download from Tvh server

8.0.101
- update tvheadend to 4.0.9-5

8.0.100
- update for LibreELEC 8.0

7.0.101
- update tvheadend to 4.0.9-4
- startup logic fix
- added proper icon and description

7.0.100
- initial LibreELEC version    </news>
    <assets>
      <icon>resources/icon.png</icon>
      <fanart>resources/fanart.png</fanart>

    </assets>
  </extension>
</addon>
