<?xml version="1.0" encoding="UTF-8"?>
<addon id="pvr.wmc" version="1.4.9.1" name="PVR WMC Client" provider-name="KrustyReturns and scarecrow420">
  <requires>
    <c-pluff version="0.1"/>
    <import addon="xbmc.pvr" version="5.2.1"/>
  </requires>
  <extension point="xbmc.pvrclient" library_linux="pvr.wmc.so.1.4.9"/>
  <extension point="xbmc.addon.metadata">
    <summary lang="af_ZA">PVR WMC Kliënt</summary>
    <summary lang="am_ET">የ PVR WMC ደንበኛ</summary>
    <summary lang="bg_BG">WMC ПВР клиент</summary>
    <summary lang="ca_ES">Client PVR WMC</summary>
    <summary lang="cs_CZ">Klient PVR WMC</summary>
    <summary lang="cy_GB">Cleient Recordydd WMC</summary>
    <summary lang="da_DK">PVR WMC klient</summary>
    <summary lang="de_DE">PVR WMC-Client</summary>
    <summary lang="el_GR">Πελάτης PVR του WMC</summary>
    <summary lang="en_AU">PVR WMC Client</summary>
    <summary lang="en_GB">PVR WMC Client</summary>
    <summary lang="en_NZ">PVR WMC Client</summary>
    <summary lang="en_US">PVR WMC Client</summary>
    <summary lang="es_AR">Cliente PVR WMC</summary>
    <summary lang="es_ES">Cliente PVR WMC</summary>
    <summary lang="es_MX">Cliente PVR WMC</summary>
    <summary lang="fi_FI">Kodin WMC-asiakasohjelma</summary>
    <summary lang="fr_CA">Client de numériscope pour CMW</summary>
    <summary lang="fr_FR">Client enregistreur vidéo (PVR) WMC</summary>
    <summary lang="gl_ES">Cliente PVR do WMC</summary>
    <summary lang="he_IL">לקוח טלוויזיה חיה עבור WMC</summary>
    <summary lang="hr_HR">PVR WMC klijent</summary>
    <summary lang="hu_HU">PVR WMC Kliens</summary>
    <summary lang="id_ID">Klien PVR WMC</summary>
    <summary lang="is_IS">PVR WMC Biðlari</summary>
    <summary lang="it_IT">Client PVR WMC</summary>
    <summary lang="ko_KR">PVR WMC 클라이언트</summary>
    <summary lang="lt_LT">PVR WMC klientas</summary>
    <summary lang="lv_LV">PVR WMC klients</summary>
    <summary lang="mk_MK">PVR WMC клиент</summary>
    <summary lang="ms_MY">Klien PVR WMC</summary>
    <summary lang="mt_MT">Klijent tal-PVR WMC</summary>
    <summary lang="nb_NO">PVR WMC-klient</summary>
    <summary lang="nl_NL">PVR WMC Cliënt</summary>
    <summary lang="pl_PL">Klient telewizji dla WMC</summary>
    <summary lang="pt_BR">Cliente de PVR WMC</summary>
    <summary lang="pt_PT">Cliente WMC PVR</summary>
    <summary lang="ro_RO">Client PVR WMC </summary>
    <summary lang="ru_RU">Клиент PVR WMC</summary>
    <summary lang="sk_SK">PVR WMC klient</summary>
    <summary lang="sl_SI">Odjemalec PVR WMC</summary>
    <summary lang="sr_RS">PVR WMC Клијент</summary>
    <summary lang="sr_RS@latin">PVR WMC Klijent</summary>
    <summary lang="sv_SE">PVR WMC-klient</summary>
    <summary lang="szl">Klijynt telewizyje dlŏ WMC</summary>
    <summary lang="te_IN">PVR WMC క్లయింట్</summary>
    <summary lang="tr_TR">PVR WMC İstemcisi</summary>
    <summary lang="uk_UA">Клієнт PVR WMC</summary>
    <summary lang="zh_CN">WMC PVR 客户端</summary>
    <summary lang="zh_TW">PVR WMC用戶端</summary>
    <description lang="af_ZA">  Weergawe. 'n PVR kliënt om met Windows Media Center Recording en EPG dienste te skakel. Dankie vir Tomba73 en Hoopsdavis. Spesiale dankie aan DBurckh.</description>
    <description lang="bg_BG">  издание. ПВР клиент, който работи с услугите на Windows Media Center за записване и електронния програмен справочник. Благодарение на Tomba73 и Hoopsdavis. Специални благодарности на DBurckh.</description>
    <description lang="cs_CZ">Edice pro  . Klient PVR pro rozhraní služeb nahrávání a televezního programu Windows Media Centra. Díky pro Tomba73 a Hoopsdavis. Speciální díky pro DBurckh.</description>
    <description lang="da_DK">  VERSION. En PVR klient der interagere med Windows Media Centers optagelse og EPG services. Tak til Tomba73 og Hoopsdavis. En speciel tak til DBurckh.</description>
    <description lang="de_DE">  Edition. Ein PVR-Client zur Verknüpfung mit den Aufnahme- und EPG-Diensten des Windows Media Centers. Dank an Tomba73 und Hoopsdavis. Besonderer Dank an DBurckh.</description>
    <description lang="el_GR">Έκδοση  . Ένας πελάτης PVR για διασύνδεση με τις υπηρεσίες Εγγραφής και EPG του Windows Media Center.  Ευχαριστούμε τους Tomba73 και Hoopsdavis.  Ένα ιδιαίτερο ευχαριστώ στον DBurckh.</description>
    <description lang="en_AU">  Edition. A PVR client to interface with Windows Media Centre's Recording and EPG services.  Thanks to Tomba73 and Hoopsdavis.  Special thanks to DBurckh.</description>
    <description lang="en_GB">  Edition. A PVR client to interface with Windows Media Center's Recording and EPG services.  Thanks to Tomba73 and Hoopsdavis.  Special thanks to DBurckh.</description>
    <description lang="en_NZ">  Edition. A PVR client to interface with Windows Media Center's Recording and EPG services.  Thanks to Tomba73 and Hoopsdavis.  Special thanks to DBurckh.</description>
    <description lang="en_US">  Edition. A PVR client to interface with Windows Media Center's Recording and EPG services.  Thanks to Tomba73 and Hoopsdavis.  Special thanks to DBurckh.</description>
    <description lang="es_AR">Edición  . Un cliente A PVR para interactuar con los servicios Recording &amp; EPG de Windows Media Center.  Gracias a Tomba73 y Hoopsdavis. Agradecimientos especiales a DBurckh.</description>
    <description lang="es_ES">Edición  . Un cliente PVR que hace de interface con los servicios de grabación y EPG de Windows Media Center. Agradecimientos a Tomba73 y Hoopsdavis. Agradecimientos especiales a DBurckh.</description>
    <description lang="es_MX">  Edition. Un cliente PVR para interactuar con los servicios de Grabación y EPG de Windows Media Center. Gracias a Tomba73 y Hoopsdavis. Gracias especiales a DBurckh.</description>
    <description lang="fi_FI">  -versio. Tämä PVR-asiakasohjelma on tarkoitettu käytettäväksi yhdessä Windows Media Centerin kanssa. Kiitokset Tomba 73:lle ja Hoopsdavisille. Erityiskiitokset DBurckhille.</description>
    <description lang="fr_CA">Édition  . Un client de numériscope pour interfacer avec les services d'enregistrement et de GÉP du Centre Multimédia Windows. Merci à Tomba73 et Hoopsdavis. Un grand merci à DBurckh.</description>
    <description lang="fr_FR">Édition  . Un client enregistreur vidéo (PVR) s'interfaçant avec les services d'enregistrement et de guide électronique des programmes TV de Windows Media Center. Merci à Tomba73 et Hoopsdavis. Un merci spécial à DBurckh.</description>
    <description lang="gl_ES">Edición  . Un cliente PVR para os servizos de Gravación e Guía do Windows Media Center. Grazas a Tomba73 e Hoopsdavis. Grazas especiais a DBurckh.</description>
    <description lang="he_IL">גרסת  . לקוח טלוויזיה חיה של Windows Media Center. תומך בהזרמת שידורים חיים והקלטות, הצגת לוח שידורים ותזמון הקלטות.</description>
    <description lang="hr_HR">  izdanje. PVR klijent za povezivanje sa snimanjima i EPG uslugom Windows Media Centra..  Zahvaljujemo Tomba73 i Hoopsdavis.  Posebna zahvala DBurckh.</description>
    <description lang="hu_HU">  Kiadás. Egy PVR kliens a Windows Media Center felvételeihez és EPG szolgáltatáshoz. Köszönet: JeffreyF, Tomba73, Hoopsdavis. Különleges köszönet: DBurckh.</description>
    <description lang="id_ID">Edisi  . Sebuah klien PVR untuk berhubungan dengan Perekaman Windows Media Center dan layanan EPG. Terimakasih untuk Tomba73 dan Hoopsdavis. Terimakasih khusus untuk DBurckh.</description>
    <description lang="is_IS">  Útgáfa. PVR Biðlari til að tala við Windows Media Center's Upptöku og rafræna dagskrárþjónustur. Þakkir fá Tomba73 og Hoopsdavis.  Sérstakar þakkir fær DBurckh.</description>
    <description lang="it_IT">Edizione  . Un client PVR per interfacciarsi con i servizi di registrazione ed EPG di Windows Media Center. Grazie a Tomba73 e Hoopsdavis. Un ringraziamento speciale a DBurckh.</description>
    <description lang="ko_KR">  Edition. Windows Media Center의 녹화 및 EPG 서비스와 연결되는 PVR 클라이언트입니다. Tomba73 과 Hoopsdavis 에게 감사드립니다. DBurckh 에게 특별한 감사의 말을 남깁니다.</description>
    <description lang="lt_LT">  leidimas. PVR kliento sąsaja su Windows Media Center's įrašymo ir EPG paslaugomis. Dėkojame Tomba73 ir Hoopsdavis. Ypatingai ačiū DBurckh.</description>
    <description lang="lv_LV">  izdevums. PVR klients saskarnei ar Windows Media Center Recording un EPG pakalpojumu.  Pateicamies Tomba73 un Hoopsdavis.  Īpašs paldies DBurckh.</description>
    <description lang="mk_MK">  едиција. PVR клиент кој служи како интерфејс со EPG и сервисите за снимање на Windows Media Center. Благодарност кон Tomba73 и Hoopsdavis. Особено благодарност кон DBurckh.</description>
    <description lang="ms_MY">Edisi  . Klien PVR yang memberi antaramuka dengan Rakaman Windows Media Center dan perkhidmatan EPG.  Terima kasih buat Tomba73 dan Hoopsdavis.  Terima kasih juga kepada DBurckh.</description>
    <description lang="mt_MT">Edizzjoni  .  Klijent tal-PVR biex jikkoordina mas-servizzi ta rekording u EPG tal- Windows Media Centre.  Grazzi lil Tomba73 u lil Hoopsdavis.  Grazzi b'mod speċjali lil DBurckh.</description>
    <description lang="nb_NO">  Versjon. En PVR-klient som gir grensesnitt med Windows Mediasenters opptak og EPG-tjenester. Takk til Tomba73 og Hoopsdavis. Spesiellt takk til DBurckh</description>
    <description lang="nl_NL">  Editie. Een PVR-cliënt om te samen te werken met Windows Mediacenters opname en EPG-diensten, dank aan Tomba73 and Hoopsdavis.  Speciale dank gaat uit naar DBurckh.</description>
    <description lang="pl_PL">Edycja dla  . Klient telewizji dla Windows Media Center. Podziękowania dla Tomba73 i Hoopsdavis. Specjalne podziękowania dla DBurckh.</description>
    <description lang="pt_BR">Edição  . Um cliente de PVR para fazer a ponte com recurso de gravação e serviços de EPG do Windows Media Center.  Obrigado Tomba73 e Hoopsdavis. Agradecimento Especial a DBurckh.</description>
    <description lang="pt_PT">Edição  . Um cliente de PVR para fazer a interface com a gravação e serviços de EPG do Windows Media Center. Obrigado a Tomba73 e Hoopsdavis. Um agradecimento especial a DBurckh.</description>
    <description lang="ro_RO">Ediția  . Un client PVR client pentru conectarea cu înregistrările și serviciile EPG ale Windows Media Center.  Mulțumiri lui Tomba73 și Hoopsdavis.  Mulțumiri speciale lui DBurckh.</description>
    <description lang="ru_RU">Редакция  .Клиент PVR для взаимодействия с записью Windows Media Center и сервисом EPG. Благодарности Tomba73 и Hoopsdavis. Особые благодарности DBurckh.</description>
    <description lang="sk_SK">Klient pre  . PVR klient pre prístup k Windows Media Center nahrávkam a EPG informáciám. Poďakovanie pre Tomba73 a Hoopsdavis. Špeciálne poďakovanie pre DBurckh.</description>
    <description lang="sl_SI"> izdaja . Odjemalec PVR kot vmesnik za storitve snemanja in EPG na Windows Media Centru. Zahvale: Tomba73 in Hoopsdavis. Posebna zahvala: DBurckh.</description>
    <description lang="sr_RS">ARCHITECTURE@ издање. PVR клијент за повезивање са Windows Media Center сервисима снимања и EPG . Хвала Tomba73 и Hoopsdavis. Посебно хвала DBurckh.</description>
    <description lang="sr_RS@latin">  izdanje. PVR klijent za povezivanje sa Windows Media Center servisima snimanja i EPG. Hvala Tomba73 i Hoopsdavis. Posebno hvala DBurckh.</description>
    <description lang="sv_SE">  Utgåva. En PVR-klient för att hantera Windows Media Centers inspelnings- och EPG-tjänst. Tack till Tomba73 och Hoopsdavis. Speciellt tack till DBurckh.</description>
    <description lang="szl">Edycyjŏ dlŏ @ÔS@ . Klijynt telewizyje dlŏ Windows Mydia Center. Podziyńkowania dlŏ Tomba73 i Hoopsdavis. Ekstra podziyńkowania dlŏ DBurckh.</description>
    <description lang="te_IN">@ OS @ @ ఆర్కిటెక్చర్ @ ఎడిషన్. PVR క్లయింట్ విండోస్ మీడియా సెంటర్ యొక్క రికార్డింగ్ మరియు EPG సేవలు ఇంటర్ఫేస్. Tomba73 మరియు Hoopsdavis ధన్యవాదాలు. DBurckh ప్రత్యేక ధన్యవాదాలు.</description>
    <description lang="tr_TR">  Sürümü. Windows Media Center ve EPG hizmetleri ile arayüz oluşturmak üzere bir PVR istemcisi. Tomba73 ve Hoopsdavis'e teşekkürler. Özel teşekkürlerimiz: DBurckh'a.</description>
    <description lang="zh_CN">  版。针对 Windows 媒体中心录像和电子节目单服务的 PVR 客户端界面。感谢 Tomba73 和 Hoopsdavis，特别感谢 DBurckh。</description>
    <description lang="zh_TW">  Edition. 為與Windows Media Center的錄影及電子節目表服務界接而開發的用戶端軟體。感謝Tomba73及Hoopsdavis。特別鳴謝DBurckh。</description>
    <disclaimer lang="af_ZA">Hierdie is eksperimentele sagteware. Gebruik op jou eie risiko.</disclaimer>
    <disclaimer lang="bg_BG">Това е експериментален софтуер. Ползвайте го на свой собствен риск.</disclaimer>
    <disclaimer lang="ca_ES">Aquest és programari experimental. Utilitzeu-lo sota la vostra responsabilitat.</disclaimer>
    <disclaimer lang="cs_CZ">Toto je experimentální software. Používejte na vlastní riziko.</disclaimer>
    <disclaimer lang="da_DK">Dette er software under udvikling. Brug på eget ansvar.</disclaimer>
    <disclaimer lang="de_DE">Dies ist eine experimentelle Software. Benutzung auf eigene Gefahr.</disclaimer>
    <disclaimer lang="el_GR">Δοκιμαστική εφαρμογή. Χρησιμοποιήστε τη υπ' ευθύνη σας.</disclaimer>
    <disclaimer lang="en_AU">This is experimental software. Use at your own risk.</disclaimer>
    <disclaimer lang="en_GB">This is experimental software. Use at your own risk.</disclaimer>
    <disclaimer lang="en_NZ">This is experimental software. Use at your own risk.</disclaimer>
    <disclaimer lang="en_US">This is experimental software. Use at your own risk.</disclaimer>
    <disclaimer lang="es_AR">Este software es experimental. Úselo bajo su propio riesgo.</disclaimer>
    <disclaimer lang="es_ES">Es un programa experimental. Úsalo bajo tu responsabilidad.</disclaimer>
    <disclaimer lang="es_MX">Este es software experimental. Usalo bajo tu propio riesgo.</disclaimer>
    <disclaimer lang="fi_FI">Tämä on epävakaa ohjelma! Sen tekijät eivät ole millään muotoa vastuussa epäonnistuneista tallennuksista, virheellisistä ajastuksista, haaskatusta ajasta, verenpaineen noususta tai mistään muusta epäsuotuisasta vaikutuksesta.</disclaimer>
    <disclaimer lang="fr_CA">Ce logiciel est expérimental. Utilisez à vos propres risques.</disclaimer>
    <disclaimer lang="fr_FR">Logiciel expérimental. À utiliser à vos risques et périls.</disclaimer>
    <disclaimer lang="gl_ES">Aínda se está no desenvolvemento. Usar baixo o seu propio risco.</disclaimer>
    <disclaimer lang="he_IL">זוהי הרחבה נסיונית. השימוש באחריות המשתמש בלבד.</disclaimer>
    <disclaimer lang="hr_HR">Ovo je eksperimentalan softver. Koristite ga na vlastitu odgovornost.</disclaimer>
    <disclaimer lang="hu_HU">Fejlesztés alatt! A saját felelősségére használja!</disclaimer>
    <disclaimer lang="id_ID">Perangkat lunak ini masih eksperimental. Resiko ditanggung penumpang.</disclaimer>
    <disclaimer lang="is_IS">Þetta er tilraunahugbúnaður. Notið á eigin ábyrgð.</disclaimer>
    <disclaimer lang="it_IT">Prova questo software sperimentale. Usalo a tuo rischio e pericolo.</disclaimer>
    <disclaimer lang="ja_JP">これは実験的なソフトウェアです。利用は自己責任でお願いします。</disclaimer>
    <disclaimer lang="ko_KR">이것은 실험적인 소프트웨어 입니다. 본인의 책임하에 사용해주세요.</disclaimer>
    <disclaimer lang="lt_LT">Tai yra eksperimentinė programinė įranga. Naudodami ją prisiimate visą riziką.</disclaimer>
    <disclaimer lang="lv_LV">Šī ir eksperimentāla programmatūra. Izmantojiet paši uz savu risku.</disclaimer>
    <disclaimer lang="mk_MK">Ова е експериментален софтвер. Користи на сопствен ризик.</disclaimer>
    <disclaimer lang="ms_MY">Ia masih dalam pembangunan. Guna atas risiko sendiri.</disclaimer>
    <disclaimer lang="mt_MT">Dan hu programm esperimentali.  Użah għar-riskju tiegħek.</disclaimer>
    <disclaimer lang="nb_NO">Dette er en ekspermitell programvare. Benytt på egen risiko.</disclaimer>
    <disclaimer lang="nl_NL">Dit is experimentele software. Gebruik het op eigen risico.</disclaimer>
    <disclaimer lang="pl_PL">Oprogramowanie nadal jest w fazie rozwoju i jest niestabilne! Autorzy w żaden sposób nie są odpowiedzialni za nieudane nagrania, błędy w harmonogramie nagrań, zmarnowany czas ani jakiekolwiek inne niepożądane efekty.</disclaimer>
    <disclaimer lang="pt_BR">Este é um trabalho em progresso. Use a seu próprio risco</disclaimer>
    <disclaimer lang="pt_PT">Este software é experimental. Use-o por sua conta e risco.</disclaimer>
    <disclaimer lang="ro_RO">Această parte din program nu este stabilă. Folosiți-o pe riscul dumneavoastră.</disclaimer>
    <disclaimer lang="ru_RU">Это экспериментальное ПО. Используйте под свою ответственность.</disclaimer>
    <disclaimer lang="sk_SK">Toto je experimentálny softvér. Používajte ho preto na vlastné riziko.</disclaimer>
    <disclaimer lang="sl_SI">To je eksperimentalna programska oprema. Uporaba na lastno odgovornost.</disclaimer>
    <disclaimer lang="sr_RS">Ово је експериментални софтвер. Користите на свој ризик.</disclaimer>
    <disclaimer lang="sr_RS@latin">Ovo je eksperimentalni softver. Koristite na svoj rizik.</disclaimer>
    <disclaimer lang="sv_SE">Detta är en experimentell mjukvara. Används på egen risk.</disclaimer>
    <disclaimer lang="szl">Software durch je w fazie rozrostu i je niysztabilne! Autory w żŏdyn knif niy sōm ôdpedzialni za niypodarzōne nagrania, felery w harmōnogramie nagrań, stracōny czŏs ani jaki ino inksze niynazdane efekty.</disclaimer>
    <disclaimer lang="te_IN">ఈ ప్రయోగాత్మక సాఫ్ట్వేర్. మీ స్వంత పూచీకత్తుతో ఉపయోగించండి.</disclaimer>
    <disclaimer lang="tr_TR">Bu deneysel bir yazılımdır. Kullanım riski kendi sorumluluğunuzdadır.</disclaimer>
    <disclaimer lang="uk_UA">Це експериментальне програмне забезпечення. Використовуйте на свій страх і ризик.</disclaimer>
    <disclaimer lang="zh_CN">试验性软件，使用风险自担。</disclaimer>
    <disclaimer lang="zh_TW">這是開發中的軟體。使用上您須自行考慮到可能有的風險。</disclaimer>
    <platform>linux</platform>
  </extension>
</addon>
