<?xml version="1.0" encoding="UTF-8"?>
<addon id="audiodecoder.dumb" version="2.0.0.7" name="DUMB Audio Decoder" provider-name="spiff">
  <requires>
    <import addon="kodi.binary.global.main" version="1.0.12"/>
    <import addon="kodi.binary.global.filesystem" version="1.0.2"/>
    <import addon="kodi.binary.instance.audiodecoder" version="2.0.0"/>
  </requires>
  <extension point="kodi.audiodecoder" name="dumb" extension=".it|.xm|.s3m" library_linux="audiodecoder.dumb.so.2.0.0"/>
  <extension point="xbmc.addon.metadata">
    <summary lang="en">DUMB Audio Decoder</summary>
    <description lang="en">DUMB Audio Decoder</description>
    <platform>linux</platform>
  </extension>
</addon>
