﻿<?xml version="1.0" encoding="UTF-8"?>
<site generator-info-name="WebGrab+Plus/w MDB &amp; REX Postprocess -- version V1.56.23.1 -- Jan van Straaten" site="cthbpl.com">
  <channels>
    <channel update="i" site="cthbpl.com" site_id="0" xmltv_id="Stadium 1">Stadium 1</channel>
    <channel update="i" site="cthbpl.com" site_id="1" xmltv_id="Stadium 2">Stadium 2</channel>
    <channel update="i" site="cthbpl.com" site_id="2" xmltv_id="Stadium 3">Stadium 3</channel>
    <channel update="i" site="cthbpl.com" site_id="3" xmltv_id="Stadium 4">Stadium 4</channel>
    <channel update="i" site="cthbpl.com" site_id="4" xmltv_id="Stadium 5">Stadium 5</channel>
    <channel update="i" site="cthbpl.com" site_id="5" xmltv_id="Stadium 6">Stadium 6</channel>
    <channel update="i" site="cthbpl.com" site_id="6" xmltv_id="Stadium X">Stadium X</channel>
  </channels>
</site>
