<?xml version="1.0" encoding="UTF-8"?>
<addon id="game.libretro.mame2000" name="Arcade (MAME2000)" version="1.0.0.102" provider-name="Libretro">
  <requires>
    <import addon="game.libretro" version="1.0.0"/>
  </requires>
  <extension point="kodi.gameclient" library_android="libgame.libretro.mame2000.so" library_linux="game.libretro.mame2000.so" library_osx="game.libretro.mame2000.dylib" library_windx="game.libretro.mame2000.dll" library_wingl="game.libretro.mame2000.dll">
    <platforms/>
    <extensions>zip|chd|7z</extensions>
    <supports_vfs>false</supports_vfs>
    <supports_no_game>false</supports_no_game>
  </extension>
  <extension point="xbmc.addon.metadata">
    <summary lang="en">MAME2000</summary>
    <description>MAME2000 stands for [B]M[/B]ultiple [B]A[/B]rcade [B]M[/B]achine [B]E[/B]mulator. MAME2000 can currently emulate several thousand different classic arcade video games from the late 1970s through the modern era.

Supported files: .zip, .chd, .7z

Icon credit: peter-86 (peter-86.deviantart.com)

License: GPLv2</description>
    <platform>all</platform>
    <nofanart>true</nofanart>
  </extension>
</addon>
