﻿<?xml version="1.0" encoding="UTF-8"?>
<site generator-info-name="WebGrab+Plus/w MDB &amp; REX Postprocess -- version V1.56.28 -- Jan van Straaten" site="sbb.rs">
  <channels>
    <channel update="i" site="sbb.rs" site_id="rts-hd" xmltv_id="RTS HD">RTS HD</channel>
    <channel update="i" site="sbb.rs" site_id="n1-hd" xmltv_id="N1 HD">N1 HD</channel>
    <channel update="i" site="sbb.rs" site_id="nova-rs-hd" xmltv_id="Nova RS HD">Nova RS HD</channel>
    <channel update="i" site="sbb.rs" site_id="hbo-hd" xmltv_id="HBO HD">HBO HD</channel>
    <channel update="i" site="sbb.rs" site_id="hbo-2-hd" xmltv_id="HBO 2 HD">HBO 2 HD</channel>
    <channel update="i" site="sbb.rs" site_id="hbo-3-hd" xmltv_id="HBO 3 HD">HBO 3 HD</channel>
    <channel update="i" site="sbb.rs" site_id="cinemax-hd" xmltv_id="Cinemax HD">Cinemax HD</channel>
    <channel update="i" site="sbb.rs" site_id="cinemax-2-hd" xmltv_id="Cinemax 2 HD">Cinemax 2 HD</channel>
    <channel update="i" site="sbb.rs" site_id="fox-movies-hd" xmltv_id="FOX Movies HD">FOX Movies HD</channel>
    <channel update="i" site="sbb.rs" site_id="fox-life-hd" xmltv_id="FOX Life HD">FOX Life HD</channel>
    <channel update="i" site="sbb.rs" site_id="fox-crime-hd" xmltv_id="FOX Crime HD">FOX Crime HD</channel>
    <channel update="i" site="sbb.rs" site_id="fox-hd" xmltv_id="FOX HD">FOX HD</channel>
    <channel update="i" site="sbb.rs" site_id="shorts-hd" xmltv_id="Shorts HD">Shorts HD</channel>
    <channel update="i" site="sbb.rs" site_id="sk-1-hd" xmltv_id="SK 1 HD">SK 1 HD</channel>
    <channel update="i" site="sbb.rs" site_id="sk-2-hd" xmltv_id="SK 2 HD">SK 2 HD</channel>
    <channel update="i" site="sbb.rs" site_id="sk-3-hd" xmltv_id="SK 3 HD">SK 3 HD</channel>
    <channel update="i" site="sbb.rs" site_id="sk-hd" xmltv_id="SK HD">SK HD</channel>
    <channel update="i" site="sbb.rs" site_id="sk-golf-hd" xmltv_id="SK Golf HD">SK Golf HD</channel>
    <channel update="i" site="sbb.rs" site_id="eurosport-hd" xmltv_id="Eurosport HD">Eurosport HD</channel>
    <channel update="i" site="sbb.rs" site_id="eurosport-2-hd" xmltv_id="Eurosport 2 HD">Eurosport 2 HD</channel>
    <channel update="i" site="sbb.rs" site_id="discovery-hd-showcase" xmltv_id="Discovery Showcase HD">Discovery Showcase HD</channel>
    <channel update="i" site="sbb.rs" site_id="animal-planet-hd" xmltv_id="Animal Planet HD">Animal Planet HD</channel>
    <channel update="i" site="sbb.rs" site_id="national-geographic-hd" xmltv_id="National Geographic HD">National Geographic HD</channel>
    <channel update="i" site="sbb.rs" site_id="viasat-nature-history-hd" xmltv_id="Viasat Nature/History HD">Viasat Nature/History HD</channel>
    <channel update="i" site="sbb.rs" site_id="history-hd" xmltv_id="History HD">History HD</channel>
    <channel update="i" site="sbb.rs" site_id="discovery-science-hd" xmltv_id="Discovery Science HD">Discovery Science HD</channel>
    <channel update="i" site="sbb.rs" site_id="bbc-earth-hd" xmltv_id="BBC Earth HD">BBC Earth HD</channel>
    <channel update="i" site="sbb.rs" site_id="nickelodeon-hd" xmltv_id="Nickelodeon HD">Nickelodeon HD</channel>
    <channel update="i" site="sbb.rs" site_id="fashion-tv-hd" xmltv_id="Fashion TV HD">Fashion TV HD</channel>
    <channel update="i" site="sbb.rs" site_id="travel-hd" xmltv_id="Travel HD">Travel HD</channel>
    <channel update="i" site="sbb.rs" site_id="24kitchen-hd" xmltv_id="24Kitchen HD">24Kitchen HD</channel>
    <channel update="i" site="sbb.rs" site_id="food-network-hd" xmltv_id="Food Network HD">Food Network HD</channel>
    <channel update="i" site="sbb.rs" site_id="trace-sports-star-hd" xmltv_id="Trace Sports Star HD">Trace Sports Star HD</channel>
    <channel update="i" site="sbb.rs" site_id="mtv-live-hd" xmltv_id="MTV Live HD">MTV Live HD</channel>
    <channel update="i" site="sbb.rs" site_id="rts1" xmltv_id="RTS 1">RTS 1</channel>
    <channel update="i" site="sbb.rs" site_id="n1" xmltv_id="N1">N1</channel>
    <channel update="i" site="sbb.rs" site_id="pink" xmltv_id="Pink">Pink</channel>
    <channel update="i" site="sbb.rs" site_id="b92" xmltv_id="B92">B92</channel>
    <channel update="i" site="sbb.rs" site_id="happy" xmltv_id="Happy">Happy</channel>
    <channel update="i" site="sbb.rs" site_id="prva" xmltv_id="Prva">Prva</channel>
    <channel update="i" site="sbb.rs" site_id="prva-plus" xmltv_id="Prva Plus">Prva Plus</channel>
    <channel update="i" site="sbb.rs" site_id="pink-2" xmltv_id="Pink 2">Pink 2</channel>
    <channel update="i" site="sbb.rs" site_id="rts2" xmltv_id="RTS 2">RTS 2</channel>
    <channel update="i" site="sbb.rs" site_id="studio-b" xmltv_id="Studio B">Studio B</channel>
    <channel update="i" site="sbb.rs" site_id="grand" xmltv_id="Grand">Grand</channel>
    <channel update="i" site="sbb.rs" site_id="rtv1" xmltv_id="RTV 1">RTV 1</channel>
    <channel update="i" site="sbb.rs" site_id="b92-info" xmltv_id="B92 Info">B92 Info</channel>
    <channel update="i" site="sbb.rs" site_id="nasa" xmltv_id="Naša">Naša</channel>
    <channel update="i" site="sbb.rs" site_id="rts3" xmltv_id="RTS 3">RTS 3</channel>
    <channel update="i" site="sbb.rs" site_id="cinemania-t2" xmltv_id="Cinemania">Cinemania</channel>
    <channel update="i" site="sbb.rs" site_id="rtv2" xmltv_id="RTV 2">RTV 2</channel>
    <channel update="i" site="sbb.rs" site_id="moja-tv" xmltv_id="Moja TV">Moja TV</channel>
    <channel update="i" site="sbb.rs" site_id="nova-rs" xmltv_id="Nova RS">Nova RS</channel>
    <channel update="i" site="sbb.rs" site_id="hrt-1" xmltv_id="HRT 1">HRT 1</channel>
    <channel update="i" site="sbb.rs" site_id="hrt-2" xmltv_id="HRT 2">HRT 2</channel>
    <channel update="i" site="sbb.rs" site_id="obn" xmltv_id="OBN">OBN</channel>
    <channel update="i" site="sbb.rs" site_id="rtrs" xmltv_id="RTRS">RTRS</channel>
    <channel update="i" site="sbb.rs" site_id="atv" xmltv_id="ATV">ATV</channel>
    <channel update="i" site="sbb.rs" site_id="ftv" xmltv_id="FTV">FTV</channel>
    <channel update="i" site="sbb.rs" site_id="rtcg-sat" xmltv_id="TV Crna Gora">TV Crna Gora</channel>
    <channel update="i" site="sbb.rs" site_id="atlas" xmltv_id="Atlas">Atlas</channel>
    <channel update="i" site="sbb.rs" site_id="duna-world" xmltv_id="Duna World">Duna World</channel>
    <channel update="i" site="sbb.rs" site_id="kcn-1" xmltv_id="KCN 1">KCN 1</channel>
    <channel update="i" site="sbb.rs" site_id="most" xmltv_id="Most">Most</channel>
    <channel update="i" site="sbb.rs" site_id="belle-amie" xmltv_id="Belle amie">Belle amie</channel>
    <channel update="i" site="sbb.rs" site_id="vujic" xmltv_id="Vujić">Vujić</channel>
    <channel update="i" site="sbb.rs" site_id="sattv" xmltv_id="SatTV">SatTV</channel>
    <channel update="i" site="sbb.rs" site_id="regionalna-tv" xmltv_id="Regionalna TV">Regionalna TV</channel>
    <channel update="i" site="sbb.rs" site_id="art" xmltv_id="Art">Art</channel>
    <channel update="i" site="sbb.rs" site_id="universal-channel" xmltv_id="Universal Channel">Universal Channel</channel>
    <channel update="i" site="sbb.rs" site_id="tv1000" xmltv_id="TV1000">TV1000</channel>
    <channel update="i" site="sbb.rs" site_id="cinemania" xmltv_id="Cinemania">Cinemania</channel>
    <channel update="i" site="sbb.rs" site_id="fox-movies" xmltv_id="FOX Movies">FOX Movies</channel>
    <channel update="i" site="sbb.rs" site_id="fox-life" xmltv_id="FOX Life">FOX Life</channel>
    <channel update="i" site="sbb.rs" site_id="fox-crime" xmltv_id="FOX Crime">FOX Crime</channel>
    <channel update="i" site="sbb.rs" site_id="axn" xmltv_id="AXN">AXN</channel>
    <channel update="i" site="sbb.rs" site_id="scifi" xmltv_id="SciFi">SciFi</channel>
    <channel update="i" site="sbb.rs" site_id="pink-family" xmltv_id="Pink Family">Pink Family</channel>
    <channel update="i" site="sbb.rs" site_id="cinestar" xmltv_id="CineStar">CineStar</channel>
    <channel update="i" site="sbb.rs" site_id="comedy-central-extra" xmltv_id="Comedy Central Extra">Comedy Central Extra</channel>
    <channel update="i" site="sbb.rs" site_id="crime-investigation" xmltv_id="Crime Investigation">Crime Investigation</channel>
    <channel update="i" site="sbb.rs" site_id="cbs-drama" xmltv_id="CBS Drama">CBS Drama</channel>
    <channel update="i" site="sbb.rs" site_id="cinestar-action" xmltv_id="CineStar Action">CineStar Action</channel>
    <channel update="i" site="sbb.rs" site_id="fox" xmltv_id="FOX">FOX</channel>
    <channel update="i" site="sbb.rs" site_id="pink-3" xmltv_id="Pink 3">Pink 3</channel>
    <channel update="i" site="sbb.rs" site_id="klasik-tv" xmltv_id="Klasik TV">Klasik TV</channel>
    <channel update="i" site="sbb.rs" site_id="axn-spin" xmltv_id="AXN Spin">AXN Spin</channel>
    <channel update="i" site="sbb.rs" site_id="sk-1" xmltv_id="SK 1">SK 1</channel>
    <channel update="i" site="sbb.rs" site_id="sk-2" xmltv_id="SK 2">SK 2</channel>
    <channel update="i" site="sbb.rs" site_id="sk-3" xmltv_id="SK 3">SK 3</channel>
    <channel update="i" site="sbb.rs" site_id="sk-4" xmltv_id="SK 4">SK 4</channel>
    <channel update="i" site="sbb.rs" site_id="sk-golf" xmltv_id="SK Golf">SK Golf</channel>
    <channel update="i" site="sbb.rs" site_id="lov-i-ribolov" xmltv_id="Lov i Ribolov">Lov i Ribolov</channel>
    <channel update="i" site="sbb.rs" site_id="sos" xmltv_id="SOS">SOS</channel>
    <channel update="i" site="sbb.rs" site_id="eurosport-2" xmltv_id="Eurosport 2">Eurosport 2</channel>
    <channel update="i" site="sbb.rs" site_id="sk-5" xmltv_id="SK 5">SK 5</channel>
    <channel update="i" site="sbb.rs" site_id="sk-6" xmltv_id="SK 6">SK 6</channel>
    <channel update="i" site="sbb.rs" site_id="motors-tv" xmltv_id="Motors TV">Motors TV</channel>
    <channel update="i" site="sbb.rs" site_id="eurosportnews" xmltv_id="EurosportNews">EurosportNews</channel>
    <channel update="i" site="sbb.rs" site_id="fight-channel" xmltv_id="Fight Channel">Fight Channel</channel>
    <channel update="i" site="sbb.rs" site_id="extreme-sports" xmltv_id="Extreme Sports">Extreme Sports</channel>
    <channel update="i" site="sbb.rs" site_id="chasse-peche" xmltv_id="Chasse Pęche">Chasse Pęche</channel>
    <channel update="i" site="sbb.rs" site_id="discovery" xmltv_id="Discovery">Discovery</channel>
    <channel update="i" site="sbb.rs" site_id="discovery-id-extra" xmltv_id="Discovery ID Extra">Discovery ID Extra</channel>
    <channel update="i" site="sbb.rs" site_id="viasat-explore" xmltv_id="Viasat Explore">Viasat Explore</channel>
    <channel update="i" site="sbb.rs" site_id="24kitchen" xmltv_id="24Kitchen">24Kitchen</channel>
    <channel update="i" site="sbb.rs" site_id="viasat-history" xmltv_id="Viasat History">Viasat History</channel>
    <channel update="i" site="sbb.rs" site_id="history" xmltv_id="History">History</channel>
    <channel update="i" site="sbb.rs" site_id="animal-planet" xmltv_id="Animal Planet">Animal Planet</channel>
    <channel update="i" site="sbb.rs" site_id="national-geographic" xmltv_id="National Geographic">National Geographic</channel>
    <channel update="i" site="sbb.rs" site_id="viasat-nature" xmltv_id="Viasat Nature">Viasat Nature</channel>
    <channel update="i" site="sbb.rs" site_id="cbs-reality" xmltv_id="CBS Reality">CBS Reality</channel>
    <channel update="i" site="sbb.rs" site_id="discovery-science" xmltv_id="Discovery Science">Discovery Science</channel>
    <channel update="i" site="sbb.rs" site_id="nat-geo-wild" xmltv_id="Nat Geo Wild">Nat Geo Wild</channel>
    <channel update="i" site="sbb.rs" site_id="mini-ultra" xmltv_id="Mini Ultra">Mini Ultra</channel>
    <channel update="i" site="sbb.rs" site_id="ultra" xmltv_id="Ultra">Ultra</channel>
    <channel update="i" site="sbb.rs" site_id="minimax" xmltv_id="Minimax">Minimax</channel>
    <channel update="i" site="sbb.rs" site_id="baby-tv" xmltv_id="Baby TV">Baby TV</channel>
    <channel update="i" site="sbb.rs" site_id="nickelodeon" xmltv_id="Nickelodeon">Nickelodeon</channel>
    <channel update="i" site="sbb.rs" site_id="disney" xmltv_id="Disney">Disney</channel>
    <channel update="i" site="sbb.rs" site_id="pink-kids" xmltv_id="Pink Kids">Pink Kids</channel>
    <channel update="i" site="sbb.rs" site_id="cartoon-network" xmltv_id="Cartoon Network">Cartoon Network</channel>
    <channel update="i" site="sbb.rs" site_id="nick-junior" xmltv_id="Nick Junior">Nick Junior</channel>
    <channel update="i" site="sbb.rs" site_id="boomerang" xmltv_id="Boomerang">Boomerang</channel>
    <channel update="i" site="sbb.rs" site_id="tlc" xmltv_id="TLC">TLC</channel>
    <channel update="i" site="sbb.rs" site_id="e%21" xmltv_id="E!">E!</channel>
    <channel update="i" site="sbb.rs" site_id="fashion-tv" xmltv_id="Fashion TV">Fashion TV</channel>
    <channel update="i" site="sbb.rs" site_id="medical-channel" xmltv_id="Medical channel">Medical channel</channel>
    <channel update="i" site="sbb.rs" site_id="woman" xmltv_id="Woman">Woman</channel>
    <channel update="i" site="sbb.rs" site_id="fln" xmltv_id="FLN">FLN</channel>
    <channel update="i" site="sbb.rs" site_id="world-fashion" xmltv_id="World Fashion">World Fashion</channel>
    <channel update="i" site="sbb.rs" site_id="dr-fit" xmltv_id="Dr Fit">Dr Fit</channel>
    <channel update="i" site="sbb.rs" site_id="ginx" xmltv_id="Ginx">Ginx</channel>
    <channel update="i" site="sbb.rs" site_id="mtv" xmltv_id="MTV">MTV</channel>
    <channel update="i" site="sbb.rs" site_id="vh1" xmltv_id="VH1">VH1</channel>
    <channel update="i" site="sbb.rs" site_id="pink-music" xmltv_id="Pink Music">Pink Music</channel>
    <channel update="i" site="sbb.rs" site_id="grand-t2" xmltv_id="Grand">Grand</channel>
    <channel update="i" site="sbb.rs" site_id="grand-2" xmltv_id="Grand 2">Grand 2</channel>
    <channel update="i" site="sbb.rs" site_id="cmc" xmltv_id="CMC">CMC</channel>
    <channel update="i" site="sbb.rs" site_id="mtv-rocks" xmltv_id="MTV Rocks">MTV Rocks</channel>
    <channel update="i" site="sbb.rs" site_id="mtv-hits" xmltv_id="MTV Hits">MTV Hits</channel>
    <channel update="i" site="sbb.rs" site_id="mtv-dance" xmltv_id="MTV Dance">MTV Dance</channel>
    <channel update="i" site="sbb.rs" site_id="vh1-classic" xmltv_id="VH1 Classic">VH1 Classic</channel>
    <channel update="i" site="sbb.rs" site_id="mezzo" xmltv_id="Mezzo">Mezzo</channel>
    <channel update="i" site="sbb.rs" site_id="bbc-world-news" xmltv_id="BBC World News">BBC World News</channel>
    <channel update="i" site="sbb.rs" site_id="euronews" xmltv_id="EuroNews">EuroNews</channel>
    <channel update="i" site="sbb.rs" site_id="cnn" xmltv_id="CNN">CNN</channel>
    <channel update="i" site="sbb.rs" site_id="rai-uno" xmltv_id="Rai Uno">Rai Uno</channel>
    <channel update="i" site="sbb.rs" site_id="rai-due" xmltv_id="Rai Due">Rai Due</channel>
    <channel update="i" site="sbb.rs" site_id="channel-one-russia" xmltv_id="Channel One Russia">Channel One Russia</channel>
    <channel update="i" site="sbb.rs" site_id="russia-today" xmltv_id="Russia Today">Russia Today</channel>
    <channel update="i" site="sbb.rs" site_id="rtl" xmltv_id="RTL">RTL</channel>
    <channel update="i" site="sbb.rs" site_id="tve" xmltv_id="TVE">TVE</channel>
    <channel update="i" site="sbb.rs" site_id="tv5-monde" xmltv_id="TV5 Monde">TV5 Monde</channel>
    <channel update="i" site="sbb.rs" site_id="dw" xmltv_id="DW">DW</channel>
    <channel update="i" site="sbb.rs" site_id="bloomberg" xmltv_id="Bloomberg">Bloomberg</channel>
    <channel update="i" site="sbb.rs" site_id="al-jazeera-balkans" xmltv_id="Al Jazeera Balkans">Al Jazeera Balkans</channel>
    <channel update="i" site="sbb.rs" site_id="hbo-hd-t2" xmltv_id="HBO HD">HBO HD</channel>
    <channel update="i" site="sbb.rs" site_id="cinemax-hd-t2" xmltv_id="Cinemax HD">Cinemax HD</channel>
    <channel update="i" site="sbb.rs" site_id="cinemax-2-hd-t2" xmltv_id="Cinemax 2 HD">Cinemax 2 HD</channel>
    <channel update="i" site="sbb.rs" site_id="hbo" xmltv_id="HBO">HBO</channel>
    <channel update="i" site="sbb.rs" site_id="hbo-2" xmltv_id="HBO 2">HBO 2</channel>
    <channel update="i" site="sbb.rs" site_id="cinemax" xmltv_id="Cinemax">Cinemax</channel>
    <channel update="i" site="sbb.rs" site_id="cinemax-2" xmltv_id="Cinemax 2">Cinemax 2</channel>
    <channel update="i" site="sbb.rs" site_id="pink-movies" xmltv_id="Pink Movies">Pink Movies</channel>
    <channel update="i" site="sbb.rs" site_id="pink-film" xmltv_id="Pink Film">Pink Film</channel>
    <channel update="i" site="sbb.rs" site_id="pink-action" xmltv_id="Pink Action">Pink Action</channel>
    <channel update="i" site="sbb.rs" site_id="pink-extra" xmltv_id="Pink Extra">Pink Extra</channel>
    <channel update="i" site="sbb.rs" site_id="pink-m" xmltv_id="Pink M">Pink M</channel>
    <channel update="i" site="sbb.rs" site_id="pink-plus" xmltv_id="Pink Plus">Pink Plus</channel>
  </channels>
</site>