﻿<?xml version="1.0" encoding="UTF-8"?>
<site generator-info-name="WebGrab+Plus/w MDB &amp; REX Postprocess -- version V1.56.27 -- Jan van Straaten" site="cinemax.tv">
  <channels>
    <channel update="i" site="cinemax.tv" site_id="COUNTRY:ar.cinemax.tv" xmltv_id="Cinemax (Argentina)">Cinemax (Argentina)</channel>
    <channel update="i" site="cinemax.tv" site_id="COUNTRY:aw.cinemax.tv" xmltv_id="Cinemax (Aruba)">Cinemax (Aruba)</channel>
    <channel update="i" site="cinemax.tv" site_id="COUNTRY:bb.cinemax.tv" xmltv_id="Cinemax (Barbados)">Cinemax (Barbados)</channel>
    <channel update="i" site="cinemax.tv" site_id="COUNTRY:bo.cinemax.tv" xmltv_id="Cinemax (Bolivia)">Cinemax (Bolivia)</channel>
    <channel update="i" site="cinemax.tv" site_id="COUNTRY:bq.cinemax.tv" xmltv_id="Cinemax (Bonaire)">Cinemax (Bonaire)</channel>
    <channel update="i" site="cinemax.tv" site_id="COUNTRY:br.cinemax.tv" xmltv_id="Cinemax (Brasil)">Cinemax (Brasil)</channel>
    <channel update="i" site="cinemax.tv" site_id="COUNTRY:vg.cinemax.tv" xmltv_id="Cinemax (British Virgin Islands)">Cinemax (British Virgin Islands)</channel>
    <channel update="i" site="cinemax.tv" site_id="COUNTRY:ky.cinemax.tv" xmltv_id="Cinemax (Cayman Islands)">Cinemax (Cayman Islands)</channel>
    <channel update="i" site="cinemax.tv" site_id="COUNTRY:cl.cinemax.tv" xmltv_id="Cinemax (Chile)">Cinemax (Chile)</channel>
    <channel update="i" site="cinemax.tv" site_id="COUNTRY:co.cinemax.tv" xmltv_id="Cinemax (Colombia)">Cinemax (Colombia)</channel>
    <channel update="i" site="cinemax.tv" site_id="COUNTRY:cr.cinemax.tv" xmltv_id="Cinemax (Costa Rica)">Cinemax (Costa Rica)</channel>
    <channel update="i" site="cinemax.tv" site_id="COUNTRY:an.cinemax.tv" xmltv_id="Cinemax (Curacao)">Cinemax (Curacao)</channel>
    <channel update="i" site="cinemax.tv" site_id="COUNTRY:ec.cinemax.tv" xmltv_id="Cinemax (Ecuador)">Cinemax (Ecuador)</channel>
    <channel update="i" site="cinemax.tv" site_id="COUNTRY:sv.cinemax.tv" xmltv_id="Cinemax (El Salvador)">Cinemax (El Salvador)</channel>
    <channel update="i" site="cinemax.tv" site_id="COUNTRY:gd.cinemax.tv" xmltv_id="Cinemax (Grenada)">Cinemax (Grenada)</channel>
    <channel update="i" site="cinemax.tv" site_id="COUNTRY:gt.cinemax.tv" xmltv_id="Cinemax (Guatemala)">Cinemax (Guatemala)</channel>
    <channel update="i" site="cinemax.tv" site_id="COUNTRY:gy.cinemax.tv" xmltv_id="Cinemax (Guyana)">Cinemax (Guyana)</channel>
    <channel update="i" site="cinemax.tv" site_id="COUNTRY:ht.cinemax.tv" xmltv_id="Cinemax (Haiti)">Cinemax (Haiti)</channel>
    <channel update="i" site="cinemax.tv" site_id="COUNTRY:hn.cinemax.tv" xmltv_id="Cinemax (Honduras)">Cinemax (Honduras)</channel>
    <channel update="i" site="cinemax.tv" site_id="COUNTRY:jm.cinemax.tv" xmltv_id="Cinemax (Jamaica)">Cinemax (Jamaica)</channel>
    <channel update="i" site="cinemax.tv" site_id="COUNTRY:mx.cinemax.tv" xmltv_id="Cinemax (México)">Cinemax (México)</channel>
    <channel update="i" site="cinemax.tv" site_id="COUNTRY:ni.cinemax.tv" xmltv_id="Cinemax (Nicaragua)">Cinemax (Nicaragua)</channel>
    <channel update="i" site="cinemax.tv" site_id="COUNTRY:pa.cinemax.tv" xmltv_id="Cinemax (Panamá)">Cinemax (Panamá)</channel>
    <channel update="i" site="cinemax.tv" site_id="COUNTRY:py.cinemax.tv" xmltv_id="Cinemax (Paraguay)">Cinemax (Paraguay)</channel>
    <channel update="i" site="cinemax.tv" site_id="COUNTRY:pe.cinemax.tv" xmltv_id="Cinemax (Perú)">Cinemax (Perú)</channel>
    <channel update="i" site="cinemax.tv" site_id="COUNTRY:do.cinemax.tv" xmltv_id="Cinemax (República Dominicana)">Cinemax (República Dominicana)</channel>
    <channel update="i" site="cinemax.tv" site_id="COUNTRY:lc.cinemax.tv" xmltv_id="Cinemax (St. Lucia)">Cinemax (St. Lucia)</channel>
    <channel update="i" site="cinemax.tv" site_id="COUNTRY:mf.cinemax.tv" xmltv_id="Cinemax (St. Maarten)">Cinemax (St. Maarten)</channel>
    <channel update="i" site="cinemax.tv" site_id="COUNTRY:vc.cinemax.tv" xmltv_id="Cinemax (St. Vincent &amp; The Grenadines)">Cinemax (St. Vincent &amp; The Grenadines)</channel>
    <channel update="i" site="cinemax.tv" site_id="COUNTRY:sr.cinemax.tv" xmltv_id="Cinemax (Suriname)">Cinemax (Suriname)</channel>
    <channel update="i" site="cinemax.tv" site_id="COUNTRY:tt.cinemax.tv" xmltv_id="Cinemax (Trinidad y Tobago)">Cinemax (Trinidad y Tobago)</channel>
    <channel update="i" site="cinemax.tv" site_id="COUNTRY:uy.cinemax.tv" xmltv_id="Cinemax (Uruguay)">Cinemax (Uruguay)</channel>
    <channel update="i" site="cinemax.tv" site_id="COUNTRY:us.cinemax.tv" xmltv_id="Cinemax (USA (ET))">Cinemax (USA (ET))</channel>
    <channel update="i" site="cinemax.tv" site_id="COUNTRY:ve.cinemax.tv" xmltv_id="Cinemax (Venezuela)">Cinemax (Venezuela)</channel>
  </channels>
</site>