<?xml version="1.0" encoding="UTF-8" standalone="yes"?>
<addon id="virtual.system-tools"
       name="System Tools"
       version="8.1.104"
       provider-name="libreelec.tv">
  <requires>
    <import addon="os.libreelec.tv" version="8.0"/>
    <import addon="xbmc.python" version="2.1.0"/>

  </requires>
  <extension point="xbmc.python.script" library="default.py">
    <provides></provides>
  </extension>
  <extension point="xbmc.addon.metadata">
    <summary>A bundle of system tools and programs</summary>
    <description>
This bundle currently includes autossh, diffutils, dtach, efibootmgr, evtest, fdupes, file, getscancodes, hddtemp, hd-idle, hid_mapper, i2c-tools, inotify-tools, jq, lm_sensors, lshw, mc, mrxvt, mtpfs, nmon, p7zip, patch, pv, screen, strace, unrar and usb-modeswitch.
    </description>
    <disclaimer>

    </disclaimer>
    <platform>all</platform>
    <news>
104
- Bump file package

103
- Add nmon

102
- Add inotify-tools, mc

101
- mrxvt can be started from KODI
- correct mrxvt terminal type
- make hddtemp work

100
- Initial Release
    </news>
    <assets>
      <icon>resources/icon.png</icon>
      <fanart>resources/fanart.png</fanart>

    </assets>
  </extension>
</addon>
