<?xml version="1.0" encoding="UTF-8" standalone="yes"?>
<addon id="driver.dvb.sundtek-mediatv"
       name="Sundtek MediaTV"
       version="8.2.103"
       provider-name="Team LibreELEC">
  <requires>
    <import addon="os.libreelec.tv" version="8.2"/>
    <import addon="xbmc.python" version="2.1.0"/>

  </requires>
  <extension point="xbmc.service" library="default.py">
    <provides></provides>
  </extension>
  <extension point="xbmc.addon.metadata">
    <summary>Sundtek MediaTV: a Linux driver to add support for SUNDTEK USB DVB devices</summary>
    <description>
Install this to add support for Sundtek USB DVB devices.
    </description>
    <disclaimer>

    </disclaimer>
    <platform>all</platform>
    <news>
103
- once a serial number is in config file then ir_disabled parameter
  needs to be localized below it (it is not global parameter anymore)

102
- Automatically update driver to latest version on first install
- Show driver version in addon settings
- Allow update for aarch64 architecture
- German translations

101
- System wait-for-online preference is now respected

100
- Initial add-on
    </news>
    <assets>
      <icon>resources/icon.png</icon>
      <fanart>resources/fanart.png</fanart>

    </assets>
  </extension>
</addon>
